P1_time_percent,P1_error_X,P1_error_Y,P1_error_Angle,P2_time_percent,P2_error_X,P2_error_Y,P2_error_Angle,P3_time_percent,P3_error_X,P3_error_Y,P3_error_Angle,P4_time_percent,P4_error_X,P4_error_Y,P4_error_Angle,P5_time_percent,P5_error_X,P5_error_Y,P5_error_Angle
2797133000000,-1.40551757812,-8.17503356934,25.724313736,2800141000000,1.83218383789,0.280548095703,14.8251752853,2788721000000,-9.60263061523,4.34518432617,18.3802623749,2795133000000,-8.24029541016,10.6138000488,11.9692668915,2802277000000,7.8239440918,0.777038574219,24.2919368744
2797133000000,-1.5612487793,-7.90905761719,25.9723625183,2800141000000,1.01184082031,0.163513183594,14.7484025955,2788721000000,-10.378112793,4.03565979004,18.2874965668,2795249000000,-7.55422973633,9.7825012207,13.5228948593,2802365000000,7.99942016602,0.982330322266,24.2456245422
2797257000000,-1.10409545898,-7.7459564209,25.4520874023,2800253000000,1.07263183594,0.0818939208984,14.7524089813,2788809000000,-10.3732299805,3.61152648926,18.2710571289,2795249000000,-8.07949829102,9.66136169434,14.0754966736,2802449000000,8.17486572266,1.18760681152,24.1993141174
2797337000000,-0.25146484375,-8.26976013184,24.7770805359,2800361000000,1.76596069336,-0.280014038086,14.2075071335,2788889000000,-9.97412109375,3.63357543945,17.9245510101,2795381000000,-8.50891113281,9.23443603516,14.03794384,2802533000000,8.44534301758,2.04164123535,27.3518047333
2797337000000,-0.576721191406,-8.20962524414,25.7603111267,2800469000000,2.42904663086,0.503555297852,11.4709291458,2788889000000,-9.52825927734,4.38670349121,17.8629760742,2795509000000,-8.93835449219,8.80749511719,14.0003900528,2802533000000,7.78204345703,2.37644958496,26.5657272339
2797433000000,-0.0144348144531,-8.42065429688,25.7464752197,2800469000000,2.51733398438,-0.0709228515625,10.2694759369,2788977000000,-9.4616394043,3.26335144043,17.7937927246,2795629000000,-6.3483581543,10.4921264648,14.0563898087,2802625000000,7.89279174805,2.6402130127,26.6368713379
2797605000000,0.5478515625,-8.63168334961,25.7326393127,2800469000000,2.00350952148,0.0854797363281,10.5483007431,2789077000000,-9.62268066406,2.69305419922,17.5909004211,2795733000000,-7.51416015625,7.29644775391,14.2188177109,2802729000000,8.00354003906,2.90399169922,26.7080154419
2797709000000,1.11010742188,-8.84271240234,25.7188034058,2800569000000,2.02236938477,-0.197525024414,11.3011064529,2789161000000,-9.40798950195,2.4146270752,18.1609287262,2795861000000,-8.05587768555,5.37252807617,14.6944789886,2802825000000,4.2453918457,4.03144836426,26.8681983948
2797825000000,2.91317749023,-8.56973266602,24.8305244446,2800669000000,1.67639160156,-0.326583862305,11.2847900391,2789261000000,-8.04727172852,1.3270111084,18.0208244324,2795977000000,-8.34411621094,4.73948669434,14.6992321014,2802917000000,4.0348815918,4.36692810059,26.9438552856
2797925000000,3.57461547852,-8.74206542969,24.7688694,2800761000000,1.2190246582,-0.869827270508,11.9364643097,2789433000000,-7.23867797852,1.11688232422,17.4856128693,2796069000000,-7.4826965332,6.37062072754,15.0982227325,2803145000000,5.37042236328,3.33464050293,26.0423851013
2798021000000,4.42074584961,-5.54301452637,24.4904117584,2800857000000,1.70266723633,-0.174575805664,11.890827179,2789549000000,-6.9977722168,0.702728271484,17.4368667603,2796185000000,-7.46572875977,6.91682434082,16.2370624542,2803241000000,6.79144287109,3.26979064941,25.5488395691
2798125000000,5.63577270508,-5.29341125488,21.6079044342,2800949000000,1.48907470703,-0.606658935547,11.7270956039,2789657000000,-6.93243408203,0.885864257812,17.6181850433,2796273000000,-6.60726928711,6.91938781738,15.5862598419,2803333000000,8.12881469727,3.7951965332,24.2217063904
2798221000000,6.35983276367,-5.17063903809,21.3852653503,2800949000000,2.50381469727,-0.26921081543,11.4657764435,2789777000000,-6.3537902832,2.03884887695,17.1579418182,2796397000000,-6.61361694336,7.45722961426,15.6904363632,2803433000000,8.29675292969,4.01919555664,24.1542243958
2798313000000,7.08389282227,-5.04788208008,21.1626243591,2800949000000,1.79397583008,0.125244140625,11.1571998596,2789889000000,-5.63388061523,2.43283081055,16.6245059967,2796513000000,-6.68502807617,7.21667480469,15.7396478653,2803521000000,9.38455200195,2.81317138672,22.6424274445
2798401000000,6.07473754883,-6.32856750488,22.3976249695,2801049000000,2.14764404297,-0.00958251953125,11.2760105133,2789997000000,-4.98657226562,2.74446105957,15.8253040314,2796637000000,-5.39697265625,8.01405334473,16.1382293701,2803521000000,9.20111083984,2.8540802002,22.1612491608
2798501000000,6.65447998047,-6.32266235352,22.2509994507,2801049000000,1.31195068359,-0.579559326172,10.6497173309,2789997000000,-5.71780395508,2.37780761719,15.7432413101,2796749000000,-5.35006713867,7.8638458252,16.2064971924,2803633000000,9.87326049805,2.73138427734,21.1074962616
2798597000000,6.48565673828,-6.28070068359,21.7296123505,2801153000000,1.29818725586,-0.646667480469,10.5121269226,2790117000000,-5.63366699219,2.41711425781,15.6948375702,2796829000000,-4.87014770508,9.15939331055,15.8268690109,2803725000000,10.3645324707,2.53733825684,20.6646003723
2798681000000,7.68481445312,-6.04273986816,22.0307884216,2801253000000,1.94467163086,-0.579376220703,9.92262935638,2790249000000,-5.41311645508,2.28407287598,15.5751667023,2796925000000,-4.78604125977,9.1333770752,15.8708372116,2803725000000,9.8610534668,1.47128295898,20.5566291809
2798753000000,8.1657409668,-6.76290893555,21.4121952057,2801357000000,1.7873840332,-0.548629760742,8.74110412598,2790357000000,-5.19256591797,2.15103149414,15.4554948807,2797001000000,-4.70193481445,9.10734558105,15.9148054123,2803833000000,10.063873291,1.42088317871,20.3433551788
2798753000000,8.05609130859,-6.92953491211,21.0346488953,2801449000000,2.15237426758,-0.877532958984,9.37324714661,2790473000000,-3.65106201172,1.93672180176,15.1105861664,2797089000000,-4.61785888672,9.0813293457,15.958773613,2803929000000,10.3862304688,1.33375549316,20.1743144989
2798961000000,8.86712646484,-7.25842285156,21.0665149689,2801453000000,1.71356201172,-0.711791992188,9.62382221222,2790577000000,-3.32028198242,1.79689025879,14.9783582687,2797169000000,-4.53375244141,9.05531311035,16.00274086,2804021000000,10.8631896973,1.37135314941,19.7198581696
2798961000000,8.70547485352,-7.66816711426,20.5243644714,2801533000000,2.06536865234,-1.13558959961,9.72573852539,2790669000000,-2.06600952148,1.31411743164,13.8406686783,2797245000000,-3.17578125,7.99674987793,18.0396537781,2804021000000,10.4843444824,1.61616516113,19.8949108124
2799061000000,9.17663574219,-7.77334594727,20.3378925323,2801633000000,1.86978149414,-0.865386962891,10.2972888947,2790669000000,-1.22494506836,2.14788818359,13.5912408829,2797349000000,-2.80133056641,7.69132995605,15.4002351761,2804133000000,10.6657409668,1.5966796875,19.6926937103
2799149000000,9.64779663086,-7.87852478027,20.1514186859,2801721000000,1.89065551758,-0.918411254883,10.2027301788,2790761000000,-0.777923583984,2.0669708252,13.4006490707,2797453000000,-2.3957824707,7.39134216309,14.3510513306,2804237000000,11.8233947754,1.7631072998,19.883934021
2799245000000,10.1189575195,-7.98370361328,19.9649467468,2801817000000,1.91152954102,-0.971420288086,10.1081705093,2790921000000,-0.330932617188,1.98606872559,13.2100572586,2797605000000,-2.62921142578,7.44380187988,14.0419454575,2804237000000,12.4375,2.40824890137,19.2841243744
2799349000000,10.5901184082,-8.08888244629,19.7784748077,2801925000000,2.5810546875,-1.56513977051,9.58469581604,2791013000000,0.475555419922,1.14436340332,13.0954408646,2797693000000,-2.45413208008,7.32376098633,13.9797677994,2804237000000,11.6964111328,2.2000579834,18.9544429779
2799457000000,12.2690734863,-7.68771362305,18.8492183685,2801925000000,3.23989868164,-1.13005065918,10.5967922211,2791117000000,0.952484130859,1.00015258789,12.9088840485,2797777000000,-1.60568237305,6.5132598877,13.1601390839,2804325000000,11.900390625,2.23065185547,18.7438144684
2799457000000,11.8087463379,-7.52984619141,18.1837863922,2802025000000,4.15881347656,-0.0616149902344,10.580745697,2791217000000,0.386901855469,0.903244018555,15.5202522278,2797853000000,-1.71139526367,6.49453735352,12.276717186,2804449000000,12.1044006348,2.26124572754,18.5331859589
2799561000000,13.0574951172,-6.97010803223,17.2306175232,2802025000000,2.96270751953,-0.766357421875,11.0942611694,2791313000000,1.56811523438,0.204971313477,14.7985515594,2798021000000,-0.558197021484,6.87759399414,11.1428899765,2804545000000,13.1856079102,1.59466552734,18.0918827057
2799561000000,12.6002502441,-7.20208740234,16.8029174805,2802121000000,3.03384399414,-0.786071777344,11.0718212128,2791313000000,1.67138671875,1.30744934082,13.2949180603,2798021000000,-0.666076660156,7.28276062012,10.9259195328,2804545000000,12.6565551758,1.84002685547,17.9888858795
2799661000000,13.3031616211,-7.51042175293,16.5431499481,2802233000000,3.10494995117,-0.805786132812,11.0493822098,2791405000000,1.9592590332,0.375595092773,13.1395788193,2798117000000,-0.999359130859,6.7751159668,10.5820226669,2804637000000,13.5029296875,1.14105224609,17.6027832031
2799765000000,13.7811584473,-7.55223083496,16.2526817322,2802333000000,4.13821411133,-1.15469360352,10.6664876938,2791497000000,2.37307739258,0.224639892578,12.9889383316,2798221000000,-0.7412109375,6.4520111084,10.4510412216,2804745000000,13.766998291,1.07527160645,17.376865387
2799857000000,14.2591247559,-7.5940246582,15.9622135162,2802437000000,4.28964233398,-1.20188903809,10.6244831085,2791585000000,3.48458862305,-0.643218994141,12.6518125534,2798321000000,-0.365203857422,6.43267822266,10.2544403076,2804833000000,14.7657470703,1.08277893066,16.1684131622
2799953000000,14.737121582,-7.63583374023,15.6717453003,2802541000000,4.52688598633,-1.84143066406,9.94380283356,2791585000000,3.22006225586,-0.761947631836,14.8295984268,2798429000000,-0.586547851562,6.69064331055,11.4058694839,2804833000000,14.0001831055,0.600311279297,16.2503852844
2800045000000,14.5009765625,-7.77084350586,15.4325580597,2802633000000,4.86721801758,-2.15374755859,9.8639755249,2791681000000,3.62911987305,-0.96696472168,14.7934236526,2798537000000,0.628967285156,5.76600646973,9.23485946655,2804933000000,14.2312011719,0.50341796875,15.9907608032
2800137000000,14.9217224121,-7.82012939453,15.1447715759,2802729000000,5.04187011719,-2.27008056641,9.78766918182,2791761000000,4.03820800781,-1.17198181152,14.7572488785,2798637000000,1.28814697266,5.23289489746,8.90486526489,2805017000000,14.4622497559,0.406524658203,15.731136322
2800269000000,15.3718261719,-7.86437988281,14.9986715317,2802829000000,5.49337768555,-2.73558044434,9.07893180847,2791861000000,4.447265625,-1.37699890137,14.721075058,2798721000000,1.08596801758,5.11499023438,8.53775978088,2805165000000,14.6932983398,0.309631347656,15.4715127945
2800345000000,15.7950439453,-7.91323852539,14.7182006836,2802929000000,5.69201660156,-2.88215637207,8.96918964386,2792021000000,4.85635375977,-1.58201599121,14.6849002838,2798805000000,1.15954589844,5.11825561523,9.01714515686,2805257000000,14.9243469238,0.212738037109,15.2118883133
2800505000000,17.0881958008,-8.63442993164,14.1787643433,2803025000000,5.89065551758,-3.0287322998,8.85944747925,2792125000000,6.74325561523,-1.62370300293,14.6267871857,2798889000000,1.40542602539,4.94822692871,8.80807685852,2805349000000,15.1553649902,0.115859985352,14.9522647858
2800505000000,17.8679199219,-7.97772216797,13.29870224,2803149000000,6.56475830078,-3.26800537109,7.6145234108,2792209000000,7.26544189453,-1.81622314453,14.5894832611,2798985000000,1.65127563477,4.77819824219,8.59900856018,2805437000000,15.3864135742,0.0189666748047,14.6926403046
2800589000000,18.3903808594,-8.01675415039,12.9749336243,2803245000000,6.80267333984,-3.42222595215,7.44588279724,2792305000000,7.37661743164,-2.40367126465,15.7755613327,2799077000000,1.89715576172,4.60816955566,8.38993930817,2805525000000,15.6174621582,-0.0779266357422,14.433016777
2800669000000,18.3637084961,-9.10906982422,12.7480802536,2803337000000,7.81887817383,-2.88362121582,6.77721786499,2792397000000,7.86459350586,-2.6290435791,15.8001098633,2799153000000,4.27825927734,3.57632446289,7.72719097137,2805629000000,15.8484802246,-0.174819946289,14.1733922958
2800749000000,18.7261047363,-9.26808166504,13.6963338852,2803337000000,6.9462890625,-3.31242370605,6.4041185379,2792489000000,10.1035766602,-4.48731994629,14.0424385071,2799153000000,3.45825195312,3.07357788086,6.92360305786,2805717000000,18.1913146973,-3.3553314209,15.8553056717
2800845000000,19.1909179688,-9.40107727051,13.4429998398,2803437000000,6.63851928711,-2.9421081543,6.7379899025,2792489000000,11.212097168,-4.16331481934,11.7165126801,2799313000000,4.23519897461,2.64091491699,5.25475025177,2805821000000,18.5599975586,-3.6531829834,15.6878290176
2800929000000,19.2498168945,-9.38768005371,13.0547227859,2803549000000,6.79351806641,-3.02255249023,6.56220674515,2792589000000,11.8911743164,-4.46734619141,11.5384073257,2799425000000,4.15243530273,2.72407531738,5.23919916153,2805973000000,19.1361999512,-4.63194274902,14.4908323288
2801073000000,19.7514038086,-9.62701416016,12.5447692871,2803649000000,8.6572265625,-3.15977478027,6.18424844742,2792677000000,13.0236206055,-5.6238861084,10.4551992416,2799533000000,6.09811401367,2.45947265625,5.73695993423,2806073000000,19.3531188965,-5.25735473633,14.0783834457
2801149000000,20.7565002441,-10.1545562744,11.9201984406,2803733000000,8.96099853516,-3.24517822266,5.99797439575,2792677000000,12.0065002441,-6.10865783691,9.82190990448,2799625000000,6.88677978516,2.40255737305,5.16930246353,2806161000000,20.2805175781,-5.99432373047,13.2940597534
2801249000000,21.2435302734,-10.3209991455,11.6282625198,2803825000000,9.74279785156,-3.36016845703,5.97421264648,2792757000000,12.9781799316,-7.09848022461,8.38458538055,2799625000000,5.94165039062,2.11419677734,3.6593670845,2806161000000,19.990447998,-5.79957580566,12.6627311707
2801325000000,20.9367980957,-10.6388244629,11.0140571594,2803825000000,9.96868896484,-3.7313079834,5.75921964645,2792925000000,14.5307312012,-7.32070922852,7.73563718796,2799725000000,7.38381958008,2.29676818848,2.48483037949,2806237000000,21.7118835449,-5.85786437988,11.5735855103
2801461000000,22.4603881836,-10.518737793,10.5836687088,2803929000000,10.351348877,-3.7015838623,5.63285493851,2792925000000,13.2172546387,-7.37882995605,9.06985855103,2799837000000,7.55020141602,1.29313659668,2.45527100563,2806309000000,21.4950256348,-6.779296875,10.2114391327
2801461000000,21.565032959,-9.24942016602,9.38238525391,2804021000000,10.6900634766,-3.80172729492,5.45589923859,2793025000000,13.7738952637,-8.35775756836,8.68654918671,2799937000000,7.85424804688,0.818222045898,2.42491745949,2806425000000,21.7172851562,-7.26184082031,9.82937908173
2801561000000,22.9186401367,-10.063293457,9.22244644165,2804133000000,11.2875671387,-4.05514526367,5.18886327744,2793125000000,14.8050231934,-9.80842590332,8.60868167877,2800029000000,8.27459716797,0.530075073242,2.05858659744,2806509000000,22.4708862305,-7.0944519043,9.63820075989
2801561000000,22.1553649902,-10.6950073242,9.47520637512,2804245000000,11.2873535156,-4.68783569336,5.25231409073,2793229000000,15.3627319336,-10.3419494629,8.37359333038,2800125000000,7.99716186523,0.236389160156,2.38855266571,2806509000000,21.6686706543,-7.38327026367,9.41070365906
2801645000000,23.0352478027,-11.4523620605,9.34903526306,2804357000000,11.6165161133,-4.84732055664,5.08363819122,2793313000000,16.5846862793,-11.2448730469,7.83594989777,2800217000000,8.35675048828,-0.0522308349609,2.06136703491,2806785000000,21.9882507324,-7.71856689453,9.06375312805
2801645000000,23.8604125977,-10.9166564941,7.54211616516,2804461000000,12.2564086914,-5.30488586426,3.2080245018,2793313000000,16.2262573242,-10.9466247559,7.05661773682,2800325000000,8.70889282227,-1.4637298584,3.38323688507,2806913000000,22.9467163086,-9.37142944336,10.0372676849
2801725000000,24.6802978516,-10.8118591309,7.58155918121,2804461000000,11.5951843262,-5.2864074707,3.72710680962,2793397000000,16.7554931641,-11.435760498,6.77578258514,2800429000000,9.06787109375,-1.84878540039,3.14777779579,2807021000000,23.024810791,-10.2977294922,9.50363922119
2801725000000,22.2414855957,-12.6572418213,8.62958717346,2804565000000,12.6227111816,-5.68598937988,3.79056859016,2793489000000,18.5159301758,-12.642288208,6.18397378922,2800521000000,9.19540405273,-1.88954162598,3.67209720612,2807129000000,23.2311401367,-10.7861480713,8.92753601074
2801865000000,23.4054870605,-12.1964263916,8.42794036865,2804565000000,12.6416625977,-6.21179199219,3.54425549507,2793489000000,19.4797973633,-12.2107086182,5.75265216827,2800633000000,9.53454589844,-2.2451171875,3.47826504707,2807129000000,22.8617248535,-10.7240142822,8.6395406723
2801949000000,24.8046264648,-12.7389068604,8.2828130722,2804565000000,13.4008178711,-5.72123718262,4.51280355453,2793589000000,20.5034179688,-12.5374755859,4.06709051132,2800737000000,11.1033630371,-2.64498901367,3.65146541595,2807241000000,23.9474487305,-11.9798278809,8.44138526917
2802045000000,24.8229064941,-12.7505493164,7.94504499435,2804657000000,13.7476806641,-5.87579345703,4.37166786194,2793689000000,20.655090332,-13.606338501,3.2167904377,2800741000000,10.6268310547,-2.0544128418,4.97272157669,2807241000000,23.7980041504,-12.142074585,8.31452083588
2802133000000,25.7778930664,-13.5357513428,7.41126585007,2804761000000,13.9458618164,-6.0972442627,3.92980575562,2793689000000,20.1115112305,-13.8056945801,3.36441493034,2800833000000,10.9899597168,-2.34312438965,4.91384410858,2807333000000,24.0992126465,-12.6259460449,8.02609539032
2802273000000,27.1666564941,-13.2827453613,7.57152605057,2804765000000,12.814239502,-6.44725036621,4.09423494339,2793769000000,20.7847595215,-14.4675445557,3.6052043438,2800941000000,11.9921264648,-3.15687561035,5.20831871033,2807413000000,25.7372436523,-12.5439300537,7.58131456375
2802273000000,26.45703125,-13.4371643066,7.55035257339,2804857000000,12.8633117676,-7.02770996094,4.50154542923,2793877000000,22.7753601074,-14.6949462891,3.45382356644,2801037000000,12.883605957,-3.55346679688,4.85076570511,2807537000000,26.1548461914,-12.978515625,7.28403615952
2802353000000,27.3320922852,-14.021697998,7.31251096725,2804961000000,13.0534973145,-7.24104309082,4.3918838501,2793877000000,22.0473022461,-14.9451904297,3.2621717453,2801141000000,13.4662475586,-3.97030639648,4.93204164505,2807625000000,26.572479248,-13.4131011963,6.98675775528
2802353000000,28.2637329102,-13.5492248535,7.30327129364,2805065000000,14.4015808105,-7.86729431152,4.72766828537,2793981000000,23.0496826172,-16.0844726562,3.19537162781,2801237000000,13.9403686523,-4.30969238281,4.85458183289,2807793000000,26.144317627,-14.7413330078,6.85320472717
2802433000000,27.7569274902,-13.8801116943,7.15702104568,2805173000000,14.8291015625,-8.14694213867,4.46010398865,2793981000000,22.6901855469,-15.9752502441,2.92721033096,2801321000000,14.4145202637,-4.64907836914,4.77712249756,2807885000000,27.1884765625,-15.9735412598,6.3704533577
2802581000000,28.8728027344,-14.727645874,6.49823665619,2805281000000,15.6448669434,-8.0675201416,4.30503225327,2794069000000,23.1993408203,-16.4329833984,2.62063169479,2801425000000,14.888671875,-4.98846435547,4.69966268539,2807981000000,27.5965270996,-16.5446472168,6.07155990601
2802581000000,28.5717163086,-14.3734283447,6.52782487869,2805281000000,15.6555480957,-8.36343383789,4.79559183121,2794157000000,24.7645568848,-17.6683349609,3.40767550468,2801537000000,15.3627929688,-5.3278503418,4.62220287323,2808069000000,27.1301574707,-17.4174499512,5.76185894012
2802657000000,28.9638977051,-14.5722351074,6.28712129593,2805281000000,16.2795410156,-7.74255371094,4.73140144348,2794301000000,25.7263183594,-18.4956054688,2.97536945343,2801645000000,15.5297546387,-5.84561157227,3.66815829277,2808157000000,28.3286743164,-18.490020752,5.72253322601
2802733000000,30.1343994141,-15.7334594727,6.34025239944,2805281000000,14.4633789062,-6.91909790039,6.17370843887,2794393000000,27.2026367188,-18.7789001465,2.88712644577,2801645000000,15.3031921387,-5.50396728516,4.70639801025,2808253000000,29.7651977539,-18.0459899902,7.60517406464
2802897000000,30.0387573242,-15.7893218994,7.5014128685,2805385000000,14.6141662598,-6.98316955566,6.19251537323,2794393000000,27.1421203613,-19.1740722656,2.25229859352,2801741000000,15.6969299316,-5.7986907959,4.64347410202,2808325000000,30.0100708008,-19.090057373,7.10023355484
2802969000000,30.3449707031,-15.306640625,7.97536373138,2805481000000,14.7649841309,-7.04725646973,6.21132230759,2794489000000,28.3896179199,-19.6563415527,3.82077050209,2801845000000,16.2667236328,-6.50004577637,3.37361192703,2808325000000,29.8194274902,-19.7174072266,7.59714603424
2803069000000,30.746307373,-15.5023345947,7.86596632004,2805593000000,16.6492004395,-9.04769897461,5.99015617371,2794489000000,28.6444702148,-18.8511962891,3.93785667419,2801937000000,16.5048217773,-6.64866638184,4.28646183014,2808409000000,30.5648803711,-20.0995788574,6.98850250244
2803157000000,32.3949279785,-16.7552490234,7.82872200012,2805593000000,17.2698669434,-9.05816650391,5.66801691055,2794577000000,28.5702209473,-19.854675293,4.29068756104,2802009000000,16.8986206055,-6.96237182617,4.21477794647,2808409000000,30.5777587891,-20.6354064941,6.53864192963
2803249000000,33.9894714355,-17.6747436523,7.44762516022,2805701000000,17.1043395996,-9.70417785645,5.41737747192,2794669000000,29.1807250977,-20.6903076172,4.21305036545,2802097000000,17.292388916,-7.27606201172,4.14309358597,2808597000000,30.4766845703,-20.7909240723,5.89488983154
2803249000000,33.8841247559,-17.826385498,7.29883050919,2805793000000,15.9768981934,-10.1609954834,5.35814428329,2794769000000,30.7874145508,-22.1846923828,3.87642478943,2802173000000,17.6861572266,-7.58975219727,4.0714097023,2808701000000,31.5307617188,-21.7457885742,5.56869506836
2803341000000,34.4261169434,-18.1526794434,7.17647314072,2805877000000,18.091003418,-9.64895629883,5.17944860458,2794945000000,32.0887145996,-23.050994873,3.77871108055,2802257000000,18.4844970703,-7.72676086426,3.08386898041,2808789000000,32.7864685059,-22.0237731934,5.36058807373
2803461000000,34.9680786133,-18.4789428711,7.05411529541,2805877000000,17.5889282227,-9.72171020508,4.99382972717,2795045000000,32.8269348145,-23.6524047852,3.65120649338,2802257000000,19.3501281738,-7.10729980469,0.522157907486,2808877000000,33.0599975586,-23.372467041,4.67457199097
2803545000000,35.9057312012,-19.2938842773,6.04228878021,2805965000000,17.6711120605,-10.344909668,4.6267619133,2795133000000,34.4729309082,-24.6530151367,2.92920589447,2802441000000,19.4412231445,-7.78330993652,2.40953373909,2808877000000,32.1429748535,-23.9365844727,4.8794965744
2803709000000,36.7110900879,-19.9597167969,5.81239461899,2806049000000,17.9107055664,-10.5684814453,4.56464385986,2795133000000,34.0819396973,-24.2635498047,2.62260699272,2802553000000,19.8718261719,-8.04470825195,2.27578854561,2808969000000,32.9803161621,-24.4961853027,4.61600399017
2803797000000,38.7395629883,-20.1925048828,4.18014335632,2806149000000,18.4647216797,-11.0662841797,3.7478530407,2795221000000,35.6718444824,-25.6692504883,2.58058810234,2802669000000,20.3024291992,-8.30612182617,2.14204335213,2808969000000,33.8632507324,-23.9534301758,4.2843079567
2803909000000,38.6318359375,-20.9788818359,4.36063051224,2806241000000,18.5095825195,-11.2854766846,3.91225099564,2795321000000,37.1540222168,-26.0951538086,2.23539972305,2802785000000,20.7330322266,-8.5675201416,2.00829815865,2809069000000,34.7739868164,-23.9458007812,4.0791554451
2804009000000,40.4529418945,-21.0941162109,4.20207834244,2806333000000,19.1813354492,-11.8631896973,3.76921749115,2795417000000,38.5076293945,-26.6356811523,1.78177762032,2802881000000,22.0582580566,-9.40434265137,1.91064035892,2809069000000,36.9627380371,-25.4632873535,4.32466363907
2804089000000,40.4338378906,-21.5572509766,4.52714443207,2806457000000,18.9224853516,-11.9980316162,3.75895023346,2795417000000,38.6663513184,-27.2426452637,1.89659535885,2802881000000,21.4203186035,-8.83345031738,1.75836992264,2809169000000,37.599822998,-26.0158691406,4.12355279922
2804173000000,41.1178588867,-21.9523010254,4.33140039444,2806537000000,20.3528442383,-12.186920166,3.54754447937,2795421000000,37.9328613281,-26.8792114258,2.44634318352,2802985000000,21.8250427246,-9.06579589844,1.62542021275,2809257000000,38.236907959,-26.5684509277,3.9224421978
2804249000000,43.7550048828,-21.7532348633,4.85716247559,2806633000000,20.6968994141,-12.4424591064,3.45295286179,2795521000000,38.6219177246,-27.3919677734,2.31587672234,2803093000000,22.2297363281,-9.29814147949,1.49247038364,2809357000000,36.9698181152,-27.1134643555,2.8817024231
2804249000000,42.0788269043,-21.8648376465,5.67546367645,2806773000000,21.0458068848,-13.1415100098,3.0704472065,2795625000000,40.0436401367,-28.756652832,0.805939495564,2803181000000,22.6344299316,-9.53048706055,1.35952055454,2809357000000,38.0109558105,-24.0763549805,3.50636720657
2804449000000,42.3774414062,-22.8694763184,4.64036417007,2806873000000,21.5345458984,-13.389755249,2.7734606266,2795729000000,41.9035644531,-28.7389526367,0.579907536507,2803277000000,25.3390197754,-9.90425109863,0.743010222912,2809449000000,38.0420227051,-25.5168151855,3.28146004677
2804561000000,43.8432617188,-24.3084716797,3.88978028297,2806965000000,22.0380249023,-13.6932678223,2.58016443253,2795829000000,43.191192627,-29.3577880859,0.47483804822,2803433000000,25.5625915527,-10.8854675293,0.893840312958,2809453000000,36.7503051758,-26.2404174805,3.42046880722
2804677000000,45.037689209,-25.7076416016,3.17511701584,2806965000000,20.7027282715,-13.9441070557,3.43369626999,2795829000000,43.406036377,-30.4963684082,0.742168188095,2803541000000,25.3564147949,-11.0267028809,0.753207206726,2809545000000,38.0398254395,-26.5987243652,3.24583005905
2804677000000,44.4505615234,-25.6107177734,3.19873952866,2807057000000,21.5514221191,-15.1252746582,2.56259250641,2795829000000,42.1175842285,-29.9444274902,1.5268791914,2803653000000,26.9183349609,-11.115524292,1.06029498577,2809629000000,38.9561462402,-27.1575622559,3.01242446899
2804793000000,45.6909484863,-26.5534362793,2.90652775764,2807153000000,21.4106140137,-15.495223999,2.61567115784,2795933000000,41.2334594727,-30.8036804199,2.61818957329,2803761000000,27.7939453125,-11.4811401367,0.739443719387,2809813000000,39.4643859863,-27.4106750488,2.46416473389
2804793000000,45.3166503906,-26.215423584,2.77090787888,2807153000000,22.1850891113,-14.9529571533,2.40865731239,2796037000000,41.7341918945,-31.3282470703,2.56384038925,2803849000000,28.4059753418,-11.7631072998,0.61010402441,2809813000000,38.0942993164,-28.0317993164,2.77175498009
2804893000000,45.8865356445,-26.6782531738,2.56713223457,2807253000000,21.4028320312,-15.4298553467,2.28101992607,2796137000000,46.4281005859,-31.2414550781,2.43034887314,2803933000000,28.0679626465,-13.0352935791,0.0928911939263,2809893000000,38.3723754883,-28.6391601562,2.82650756836
2804993000000,47.3478088379,-27.7784423828,2.35037636757,2807361000000,21.8453063965,-16.1217346191,2.0487215519,2796233000000,47.75,-32.2577209473,2.02449440956,2804009000000,29.0177001953,-13.0631256104,-0.059766266495,2809985000000,39.5841064453,-29.6672973633,2.79223895073
2805085000000,48.4336242676,-28.6728820801,2.31376552582,2807445000000,22.0906677246,-16.5438842773,2.06081175804,2796317000000,47.4456787109,-32.737701416,2.50712442398,2804109000000,29.5841369629,-13.4012756348,-0.209538012743,2809985000000,40.6522216797,-29.1620483398,2.30234384537
2805085000000,48.1239624023,-28.3418273926,2.47472023964,2807445000000,20.843963623,-16.1203613281,3.11028552055,2796413000000,49.4132995605,-33.2411499023,2.02226352692,2804193000000,30.3387145996,-13.1831817627,-0.488516062498,2810081000000,39.8294677734,-29.2628479004,2.32600569725
2805181000000,49.0788574219,-28.9803771973,0.134867563844,2807593000000,20.5721740723,-15.8258361816,4.1882557869,2796413000000,50.5692443848,-33.3309631348,1.32436978817,2804193000000,30.4800109863,-13.7048187256,-4.11531257629,2810165000000,40.8899841309,-30.4555969238,1.69286954403
2805181000000,48.6557617188,-28.7884521484,0.576400279999,2807685000000,21.6824951172,-16.922454834,4.22352552414,2796413000000,49.2826843262,-32.9461669922,2.31460809708,2804193000000,30.7959289551,-13.0205841064,-4.371322155,2810165000000,40.5038452148,-30.3241882324,1.97300994396
2805277000000,50.0614013672,-28.8271789551,0.606642305851,2807785000000,21.8288269043,-17.2261352539,4.24340772629,2796513000000,49.4248962402,-33.7742919922,1.62889230251,2804269000000,31.1327819824,-13.2883605957,-3.93384003639,2810269000000,41.8236083984,-30.9443664551,1.83540415764
2805373000000,51.4554748535,-28.8934936523,0.91058909893,2807881000000,22.2796630859,-17.6108703613,3.6607875824,2796613000000,53.0935668945,-36.68359375,4.50152349472,2804269000000,30.8889465332,-13.6945343018,-3.72269248962,2810373000000,42.2351989746,-31.3515014648,1.67351460457
2805373000000,50.5592651367,-29.1572875977,1.32263255119,2807881000000,23.3370056152,-16.9688110352,3.11492490768,2796717000000,54.0372619629,-37.3442993164,4.58783006668,2804409000000,31.2226867676,-14.1384277344,-3.1448507309,2810481000000,43.2348022461,-32.2824707031,1.75778484344
2805473000000,51.1001281738,-29.5102844238,1.14957642555,2807965000000,22.4375,-17.258392334,3.24754595757,2796821000000,52.3112792969,-35.7096252441,4.48072195053,2804409000000,30.7113952637,-13.8554229736,-3.18464803696,2810485000000,42.765625,-31.9812927246,1.95957255363
2805557000000,52.5362548828,-30.3165893555,1.03070414066,2808053000000,22.6084594727,-18.1984558105,2.71155047417,2796917000000,51.1231079102,-36.361541748,3.80442714691,2804501000000,31.0556335449,-14.0663146973,-3.3955655098,2810581000000,43.7270202637,-32.7161254883,1.71446979046
2805657000000,52.9555053711,-31.3684997559,0.863068938255,2808137000000,23.2986755371,-18.2643432617,3.15670371056,2797021000000,51.6663818359,-36.8394775391,3.83749055862,2804593000000,31.5854797363,-13.997253418,-2.91744112968,2810689000000,44.1593322754,-33.1333312988,1.57984912395
2805761000000,52.4495239258,-31.3293151855,0.528929829597,2808357000000,23.4579467773,-18.7075195312,2.68581843376,2797117000000,54.7015991211,-35.7338562012,5.02868843079,2804685000000,31.9458618164,-14.1837768555,-3.08970808983,2810793000000,44.182220459,-33.0528869629,2.27133631706
2805857000000,52.9885559082,-31.7580871582,1.24980926514,2808361000000,22.7256774902,-18.2356567383,2.34032392502,2797209000000,55.754119873,-35.7561645508,5.31514358521,2804761000000,34.4919433594,-15.1346130371,-2.25196003914,2810877000000,44.5789489746,-33.4268493652,2.18312430382
2805985000000,54.2211608887,-32.8228759766,0.658708751202,2808513000000,22.8878173828,-18.6805725098,2.22633361816,2797209000000,53.8341064453,-35.1910400391,5.71627426147,2804761000000,33.1492919922,-15.071685791,-1.09831762314,2810985000000,46.5370178223,-34.2255249023,1.64691197872
2806077000000,54.7919921875,-33.2908935547,0.504216194153,2808657000000,23.0200805664,-18.978729248,1.9870262146,2797305000000,55.4932556152,-35.6502685547,5.26604413986,2804889000000,33.5307312012,-15.296081543,-1.14400863647,2810985000000,46.2202758789,-33.7824401855,1.03047990799
2806157000000,53.8995056152,-33.101348877,1.39859735966,2808777000000,24.2032470703,-19.9730529785,1.9781024456,2797305000000,54.4366455078,-36.0907897949,4.65722131729,2804989000000,33.1875610352,-15.5499572754,-0.0573055930436,2811085000000,47.0906677246,-34.507598877,1.11167883873
2806317000000,55.2931213379,-33.6405639648,1.20897948742,2808777000000,24.0833435059,-19.6469726562,2.98994135857,2797405000000,54.9265136719,-36.3618164062,4.71067857742,2805089000000,35.4029846191,-15.6295318604,0.13893404603,2811085000000,46.5418395996,-34.1305847168,2.29695558548
2806405000000,56.0397644043,-34.095916748,0.976785242558,2808889000000,24.6375427246,-20.3014221191,2.50062417984,2797509000000,54.2440490723,-36.0362854004,4.8070473671,2805185000000,35.0930480957,-16.4850158691,-0.21337993443,2811189000000,46.9411315918,-34.4334106445,2.24064612389
2806405000000,56.8208618164,-34.0721435547,1.27912378311,2808981000000,23.9520568848,-20.0608215332,2.95274615288,2797609000000,56.1399536133,-36.640838623,3.98615336418,2805277000000,35.5080871582,-16.7564697266,-0.207731693983,2811293000000,47.3404541016,-34.7362365723,2.18433642387
2806509000000,57.0014648438,-34.3009338379,2.07543087006,2809065000000,24.8622436523,-20.8619689941,2.58199310303,2797609000000,53.8312988281,-37.1991882324,4.7922949791,2805473000000,37.3229675293,-16.3505249023,-0.972521543503,2811397000000,47.7397460938,-35.0390930176,2.12802696228
2806597000000,56.6780395508,-34.7413330078,1.78945577145,2809065000000,24.4779663086,-20.262298584,2.78812217712,2797705000000,53.4864807129,-37.4498596191,5.73958063126,2805585000000,36.8103027344,-16.8202819824,-0.430278122425,2811501000000,49.01171875,-34.7071838379,1.5750027895
2806693000000,57.3758850098,-34.8337402344,2.18881058693,2809157000000,24.6302490234,-20.4761352539,2.7639400959,2797841000000,55.3371276855,-37.3562316895,4.88964366913,2805677000000,38.9078674316,-17.0223083496,0.51857483387,2811605000000,49.0342712402,-35.3512268066,0.747874975204
2806693000000,53.7515563965,-35.807800293,3.17952179909,2809265000000,24.4015197754,-20.6613464355,2.41317367554,2797841000000,54.7484130859,-37.0780334473,4.47786808014,2805677000000,37.9176635742,-17.6701049805,0.807028114796,2811705000000,49.0744628906,-35.6133728027,1.3509581089
2806785000000,55.4483947754,-35.6383056641,2.75912117958,2809361000000,26.0008544922,-21.1330566406,2.18107461929,2797957000000,54.578704834,-36.9085083008,3.73748970032,2805873000000,37.7027587891,-17.8926696777,0.875025331974,2811705000000,48.4735717773,-34.9725341797,1.68301928043
2806785000000,54.7894287109,-35.3257446289,3.69648361206,2809361000000,25.0688781738,-20.9035644531,2.78746676445,2798045000000,55.8063964844,-37.0626220703,2.74908089638,2805961000000,37.4278564453,-18.1745605469,0.569949626923,2811801000000,48.7802124023,-35.1728820801,1.62119698524
2806913000000,55.679901123,-35.722442627,3.14130353928,2809453000000,26.1304016113,-21.2747802734,2.46560049057,2798045000000,54.766784668,-36.7407226562,3.00202393532,2806041000000,37.7692871094,-18.427154541,-0.140083745122,2811905000000,49.0868225098,-35.3732299805,1.55937480927
2807017000000,55.4422302246,-36.4686889648,3.17350316048,2809673000000,26.3572387695,-21.4836425781,2.43210792542,2798145000000,56.4920349121,-36.9037475586,1.39313364029,2806141000000,37.8328857422,-18.3480834961,-0.0866220891476,2812005000000,50.0069885254,-34.231048584,0.999322414398
2807129000000,56.1052856445,-36.0084228516,2.92780685425,2809761000000,26.2766113281,-21.0062561035,3.4293115139,2798249000000,56.7443237305,-36.9483337402,0.852957367897,2806233000000,38.1394042969,-18.5826416016,-0.0848205834627,2812005000000,50.708984375,-33.7518615723,0.367738366127
2807129000000,54.0474243164,-35.9257202148,3.69923090935,2809761000000,27.3608093262,-20.8628845215,2.82918381691,2798249000000,55.1674499512,-36.5059509277,1.59728956223,2806325000000,38.8944091797,-19.2341918945,0.132541716099,2812113000000,51.0968017578,-33.7906494141,0.250980347395
2807225000000,55.2093505859,-36.0057678223,3.06831479073,2809857000000,27.4680175781,-21.0673522949,2.15376448631,2798349000000,56.1355285645,-36.7584533691,0.940678477287,2806413000000,39.2399597168,-19.5050354004,0.146459266543,2812217000000,50.7545776367,-33.9587097168,0.203659132123
2807225000000,53.8567504883,-35.9440002441,3.7806327343,2809949000000,27.4544067383,-21.1221618652,1.5095500946,2798441000000,54.7803955078,-36.0162963867,2.41018462181,2806505000000,39.5855102539,-19.7758789062,0.160376831889,2812321000000,50.8374023438,-33.8816833496,0.0691110044718
2807317000000,55.9087219238,-36.3999328613,4.01063108444,2810085000000,27.5045471191,-21.1278381348,0.967193424702,2798533000000,55.802154541,-36.3858642578,1.62932431698,2806601000000,38.8040466309,-19.8128967285,-0.118445746601,2812321000000,51.2961730957,-33.5124511719,0.316567510366
2807317000000,54.5755004883,-36.6447143555,5.75343084335,2810085000000,27.8828430176,-20.875213623,0.630220592022,2798653000000,55.9899291992,-36.2906494141,-0.380659461021,2806697000000,38.7123718262,-19.9991455078,-0.297780454159,2812321000000,49.7835693359,-33.6048583984,1.03308975697
2807417000000,53.7217102051,-36.5662841797,5.61360692978,2810181000000,28.1181640625,-20.955291748,0.510423064232,2798653000000,54.7600402832,-36.0783691406,-0.0544118694961,2806793000000,38.9974975586,-19.5257568359,-0.517615318298,2812421000000,49.935760498,-33.6151428223,0.981266140938
2807513000000,55.0179138184,-36.0972900391,5.17130279541,2810285000000,27.3612670898,-21.0383911133,0.032405603677,2798753000000,55.2225341797,-36.1522827148,-0.525886356831,2806889000000,39.225769043,-19.707611084,-0.540696382523,2812537000000,50.0879516602,-33.6254272461,0.929442584515
2807609000000,53.5242919922,-36.327331543,4.99085521698,2810389000000,27.3289489746,-21.000579834,-0.426672190428,2798753000000,55.8749084473,-35.9973754883,-0.670364379883,2806985000000,37.4215698242,-17.4956665039,-1.23846173286,2812641000000,51.871887207,-33.6180114746,0.886427462101
2807705000000,52.7059936523,-36.5815124512,4.96959352493,2810485000000,27.3432617188,-20.884185791,-0.81298738718,2798753000000,53.8193359375,-35.2710571289,-0.0927585810423,2807085000000,36.7629089355,-18.5550231934,-0.826774477959,2812641000000,48.5690917969,-34.5386657715,2.42690134048
2807797000000,53.4400939941,-36.0121765137,3.09734892845,2810581000000,27.297668457,-20.625793457,-1.08607017994,2798837000000,55.1834716797,-35.5575256348,-0.195319205523,2807225000000,36.3940429688,-18.7614135742,-0.561975955963,2812749000000,50.9477844238,-33.8581848145,2.16894221306
2807797000000,51.9179992676,-38.5517272949,1.23786795139,2810581000000,25.8573303223,-20.4921875,-0.928791880608,2798945000000,54.7555847168,-36.141998291,-0.740339636803,2807325000000,36.6025085449,-19.2191467285,-0.234517425299,2812749000000,49.8606872559,-33.7008666992,2.98963141441
2807885000000,51.4208374023,-37.4257202148,1.2729036808,2810681000000,26.5994262695,-20.3828430176,-1.26573371887,2799001000000,55.0386047363,-35.6981811523,-1.23141252995,2807413000000,35.821685791,-18.9937744141,0.107995159924,2812837000000,51.3317565918,-33.6241149902,2.68278503418
2807973000000,50.7842712402,-37.0517883301,1.45806741714,2810765000000,26.7611083984,-20.3031005859,-1.36809849739,2799001000000,53.4992980957,-35.7487182617,-1.20348787308,2807505000000,35.4424133301,-19.0221557617,0.252251952887,2812837000000,49.3021850586,-34.3752746582,4.46433162689
2808069000000,50.5352478027,-37.1829528809,1.35328352451,2810865000000,25.5605773926,-19.942779541,-0.677900910378,2799045000000,52.6697387695,-35.4423828125,-1.30628025532,2807597000000,36.1496582031,-19.5328063965,0.639841616154,2812945000000,49.3020019531,-34.4398803711,4.60050821304
2808161000000,49.4921569824,-36.5869140625,1.50489270687,2810981000000,25.4967956543,-20.8512573242,-1.21367192268,2799177000000,53.5350646973,-35.2459716797,-1.57972085476,2807597000000,35.3540039062,-19.0233764648,1.59888935089,2813049000000,51.1406860352,-34.2067871094,3.79308843613
2808269000000,50.7672729492,-36.1872558594,0.994904637337,2810981000000,24.8474121094,-20.2370605469,-1.08093345165,2799177000000,52.4873046875,-34.8904724121,-0.845848619938,2807697000000,35.2446899414,-19.0856628418,1.6961107254,2813049000000,51.8500061035,-33.9048461914,3.4028801918
2808365000000,49.1566467285,-36.2749023438,0.907658576965,2811081000000,26.4239196777,-19.6351623535,-1.01712548733,2799357000000,52.0175476074,-34.5619506836,-0.809542655945,2807793000000,35.1353759766,-19.1479187012,1.79333198071,2813049000000,50.3706359863,-34.1416015625,3.13589191437
2808453000000,49.9038696289,-35.8554382324,0.684679389,2811169000000,26.9043884277,-19.3741149902,-1.00442326069,2799461000000,51.830871582,-34.4573364258,-0.922280073166,2807889000000,34.4599304199,-19.2744140625,1.70579063892,2813153000000,51.388092041,-33.8037414551,2.76547169685
2808453000000,48.5742797852,-35.9978027344,0.613217294216,2811169000000,23.837677002,-20.2442626953,0.279384016991,2799557000000,51.6441955566,-34.352722168,-1.03501749039,2808049000000,34.877746582,-19.7499389648,0.796598017216,2813265000000,51.8391113281,-33.663482666,2.44412469864
2808589000000,49.5271606445,-35.6745605469,0.423392891884,2811273000000,24.4831237793,-18.8889770508,1.3378008604,2799657000000,53.3149414062,-34.4436645508,-1.47244644165,2808049000000,34.169708252,-19.5316467285,1.04740357399,2813265000000,50.1929321289,-33.8773803711,2.23216581345
2808697000000,48.4160766602,-36.3695678711,-0.176606491208,2811389000000,24.3525695801,-18.7686767578,1.37376117706,2799657000000,54.0063171387,-34.1113891602,-1.94661402702,2808145000000,34.4442443848,-20.155456543,0.86937224865,2813373000000,49.6964416504,-33.9436645508,2.18360114098
2808697000000,46.9888000488,-35.8320007324,0.584402382374,2811485000000,25.7489624023,-19.2388305664,0.868561267853,2799745000000,53.4667663574,-34.2033691406,-2.22744441032,2808145000000,33.8987731934,-20.1194152832,2.91463971138,2813485000000,51.0522766113,-33.5914611816,1.98655605316
2808793000000,48.0616455078,-35.7175292969,2.25933837891,2811585000000,24.8228149414,-19.1248168945,1.29331552982,2799745000000,53.7475280762,-33.9923095703,-2.17897963524,2808241000000,33.7393493652,-20.2288513184,3.05781006813,2813485000000,48.6401062012,-33.9826965332,3.20010280609
2808889000000,47.8095703125,-35.6964416504,2.2643828392,2811685000000,24.3233337402,-19.0136413574,1.10904633999,2799849000000,53.6362915039,-33.9987487793,-1.58877384663,2808337000000,32.8336486816,-19.8869018555,2.94753313065,2813597000000,47.8605957031,-32.5548400879,4.42864465714
2808985000000,45.283203125,-35.0128479004,2.16638183594,2811773000000,24.1264343262,-18.9576416016,1.2305201292,2799945000000,52.002746582,-33.9711608887,-1.12238872051,2808437000000,32.2718505859,-19.3088378906,3.08778476715,2813701000000,47.6647338867,-32.4393005371,4.5411067009
2809073000000,44.8333129883,-34.9341430664,2.16558623314,2811869000000,23.7646789551,-18.7537536621,1.5250402689,2800049000000,52.9172973633,-33.6426391602,-0.765019118786,2808541000000,33.4211120605,-19.1000366211,1.93226408958,2813805000000,47.4688720703,-32.3237609863,4.65356874466
2809173000000,44.3834228516,-34.8554382324,2.16479063034,2811957000000,25.3987426758,-18.4034423828,1.28080677986,2800141000000,52.8628540039,-33.5341491699,-0.814256489277,2808649000000,33.2927246094,-19.0928955078,1.99100911617,2813913000000,47.1050720215,-32.2661743164,4.87968254089
2809261000000,42.7219238281,-36.1795349121,-2.89388394356,2811957000000,23.8994750977,-18.3823242188,1.81976282597,2800241000000,52.4323425293,-33.3112182617,-0.725087821484,2808745000000,31.2899780273,-19.1194763184,1.58254230022,2814017000000,46.9704589844,-32.1065063477,4.36022615433
2809405000000,42.1911621094,-34.7307434082,-1.75617957115,2812133000000,25.3200378418,-18.2882080078,1.70524764061,2800241000000,49.1206665039,-33.8515319824,0.763281822205,2808837000000,31.8836364746,-19.1304321289,1.01886916161,2814121000000,48.5900268555,-31.245300293,7.95957660675
2809505000000,43.4815063477,-34.1670532227,-1.75290346146,2812229000000,24.7370300293,-19.0808410645,1.34046316147,2800337000000,50.757019043,-33.5727844238,1.4504673481,2808837000000,30.9180603027,-18.4194335938,0.838251650333,2814121000000,47.1211853027,-30.9286499023,8.31421470642
2809505000000,42.2249755859,-34.1511535645,-1.2161179781,2812229000000,25.5887451172,-18.3249511719,1.31268823147,2800457000000,50.5643615723,-33.4931030273,1.52991628647,2808929000000,30.936126709,-19.1788330078,0.432867407799,2814229000000,47.6136779785,-31.411315918,6.90125656128
2809597000000,43.1733398438,-33.9078063965,-1.12849211693,2812313000000,23.8457641602,-18.030456543,1.04212737083,2800557000000,48.6002807617,-33.0290527344,1.89384961128,2809033000000,30.6825561523,-19.1868591309,0.401163816452,2814229000000,46.4625549316,-31.4362182617,5.91375827789
2809597000000,41.7762451172,-33.9895324707,-0.568689286709,2812413000000,23.278717041,-17.8544921875,1.12870502472,2800653000000,47.8557739258,-32.8319702148,1.83892393112,2809121000000,30.4688110352,-18.5713195801,-0.0182991027832,2814321000000,47.6047973633,-31.0581359863,6.07103967667
2809697000000,42.7810058594,-33.7258605957,-0.554895043373,2812501000000,23.6036682129,-18.479309082,0.105959482491,2800753000000,47.2427978516,-32.695526123,1.94473230839,2809121000000,28.8672180176,-18.1187438965,0.419936090708,2814321000000,46.5727233887,-31.1676330566,5.32974624634
2809697000000,41.4474182129,-33.8209838867,-0.604652643204,2812589000000,20.7565612793,-17.9921264648,0.990953624249,2800857000000,47.6703186035,-32.7821044922,0.968767821789,2809217000000,29.4038085938,-18.26953125,0.456134498119,2814417000000,46.980255127,-30.9328613281,4.36884355545
2809785000000,41.0524291992,-33.7132873535,-0.695880651474,2812681000000,20.7207641602,-17.1468505859,1.56473171711,2800949000000,48.0287780762,-32.0526428223,0.641078829765,2809217000000,28.2909851074,-18.1359863281,0.765989124775,2814421000000,45.7573242188,-30.6903686523,4.03832912445
2809881000000,40.2133178711,-33.6546325684,-0.744822859764,2812785000000,20.3887329102,-16.9928894043,1.59750127792,2801053000000,47.6503295898,-31.6387023926,1.01499307156,2809305000000,28.8107299805,-18.0155029297,0.303397059441,2814525000000,46.6339111328,-30.0235900879,3.42047905922
2809981000000,40.6838989258,-34.5803527832,-1.45452606678,2812873000000,20.3175354004,-16.6472167969,1.25969040394,2801053000000,45.5829772949,-31.2809448242,1.25517761707,2809305000000,28.8323974609,-18.6405944824,-1.27357113361,2814625000000,46.2823791504,-29.9607849121,2.70871901512
2809981000000,40.2497558594,-33.8958129883,-1.33832120895,2813009000000,21.9847106934,-16.0749816895,1.03751671314,2801153000000,45.1452331543,-31.0824890137,1.29652643204,2809409000000,29.0315856934,-17.7664794922,-0.944864749908,2814737000000,44.1520690918,-29.7467041016,2.23421359062
2810073000000,41.4592285156,-33.5024414062,-1.5517398119,2813009000000,20.9256286621,-16.1900939941,0.982094764709,2801261000000,44.7074890137,-30.8840332031,1.33787536621,2809513000000,28.1606750488,-18.2294311523,-1.7754701376,2814833000000,43.1063232422,-29.4293212891,1.83287143707
2810169000000,39.8273010254,-33.7227478027,-1.17985033989,2813109000000,20.3677062988,-16.125,0.865004122257,2801365000000,44.269744873,-30.6855773926,1.37922418118,2809609000000,27.8868408203,-18.1914978027,-1.90837538242,2814949000000,43.3227233887,-29.187286377,1.28158771992
2810257000000,38.8290100098,-33.7269897461,-0.899922370911,2813201000000,20.5155029297,-16.7083129883,0.100779622793,2801473000000,44.3893737793,-30.7045593262,0.407251119614,2809713000000,28.140838623,-17.4222106934,-1.27821743488,2814949000000,42.3645324707,-28.9599609375,0.418728709221
2810377000000,38.0874328613,-33.4126281738,-0.0216279514134,2813201000000,19.8076782227,-16.071472168,0.354473799467,2801473000000,42.76953125,-30.5942687988,0.534102618694,2809809000000,27.6485900879,-17.0968322754,-0.699758350849,2815069000000,39.7197265625,-27.9584655762,1.2878922224
2810473000000,37.4855651855,-33.404083252,0.46646258235,2813297000000,19.4337463379,-15.7689666748,0.312558233738,2801573000000,41.8149108887,-30.5101318359,0.603208243847,2809897000000,26.683013916,-17.1796569824,-1.09505200386,2815173000000,39.0676269531,-27.8553466797,0.931091010571
2810561000000,37.9839782715,-34.309387207,0.0929868295789,2813397000000,19.9546508789,-16.050994873,-0.258516073227,2801673000000,41.1138305664,-30.3354797363,0.62751609087,2809997000000,26.1573791504,-17.0429077148,-1.31828975677,2815281000000,37.9791870117,-27.4165649414,0.81627702713
2810561000000,37.3050537109,-33.932800293,0.468248844147,2813397000000,19.3983459473,-15.5909881592,-0.138057723641,2801773000000,42.398223877,-30.0876464844,0.515870332718,2809997000000,24.7099609375,-16.7713317871,-0.954871535301,2815381000000,38.4555664062,-27.2327880859,0.217579394579
2810653000000,37.9496765137,-33.6149902344,0.238150179386,2813493000000,20.1036071777,-15.3548126221,-0.918775677681,2801877000000,42.5921020508,-29.6606750488,-0.161937445402,2810089000000,24.2752685547,-16.6502990723,-1.00997912884,2815489000000,37.9080810547,-27.4384765625,0.860100150108
2810653000000,36.6609802246,-33.2878723145,0.639919936657,2813493000000,20.0293884277,-16.0256958008,-1.09470152855,2801877000000,40.5194396973,-29.3629760742,-0.778578341007,2810321000000,25.0061035156,-16.6125488281,-1.31078875065,2815581000000,37.9236755371,-26.8370361328,0.362910181284
2810749000000,37.3056030273,-33.2688598633,0.273195236921,2813585000000,19.6136779785,-15.9635772705,-1.2602738142,2801973000000,41.1594848633,-29.5426940918,-0.884734034538,2810397000000,22.8804931641,-16.4346008301,-0.882068693638,2815581000000,37.1736755371,-27.2698364258,-0.555881261826
2810749000000,38.1671447754,-33.0114135742,-0.630006790161,2813585000000,18.484588623,-15.0756378174,-0.55363214016,2801977000000,39.6203918457,-29.9312133789,-1.44639956951,2810505000000,21.8329467773,-16.5242004395,-0.678448319435,2815685000000,36.934387207,-26.5913085938,-1.25668048859
2810749000000,36.1937561035,-32.9691467285,-0.03607256338,2813669000000,18.2341918945,-14.9200592041,-0.612852215767,2802077000000,39.267364502,-30.9183959961,-2.45663499832,2810605000000,21.2760009766,-16.4357910156,-0.446304470301,2815685000000,35.4703369141,-26.0292663574,-0.878237247467
2810949000000,35.1125488281,-32.7792663574,0.330407977104,2813821000000,19.7313842773,-13.8661804199,-0.120734855533,2802077000000,38.1481323242,-30.0816345215,-1.80956637859,2810693000000,22.0781555176,-16.1737976074,-0.629382431507,2815801000000,34.2072143555,-25.7411499023,-0.312312960625
2811077000000,35.2118530273,-33.3021240234,0.213297277689,2813821000000,18.1797485352,-14.0230865479,0.140301316977,2802173000000,39.4320373535,-29.3561706543,-1.9400908947,2810693000000,20.6978149414,-15.6121063232,0.470197767019,2815905000000,35.5263671875,-25.0940246582,-0.606854498386
2811185000000,34.8406066895,-33.2635803223,0.213766992092,2813921000000,18.6747741699,-13.8438873291,-0.0511616878211,2802173000000,38.327331543,-29.3639221191,-1.67822980881,2810813000000,21.3235778809,-16.0656433105,0.0662606805563,2815905000000,34.0249938965,-25.1014709473,-0.589826703072
2811317000000,33.5348510742,-32.8094482422,0.31808835268,2813921000000,17.3048095703,-13.9440765381,0.144832670689,2802257000000,38.0442810059,-29.9524841309,-2.07842254639,2810905000000,21.6014099121,-15.5378875732,-0.140322178602,2815997000000,32.9323120117,-24.5770874023,-0.815733551979
2811441000000,33.6722412109,-31.5205078125,0.45592468977,2814021000000,16.5573120117,-13.6075439453,0.220629110932,2802257000000,36.9735717773,-29.1722106934,-1.5166182518,2810905000000,19.9815368652,-15.4085540771,0.326510876417,2816093000000,31.8174743652,-24.1003417969,-0.705443739891
2811549000000,32.0043029785,-31.728729248,0.345620304346,2814121000000,17.0545959473,-14.0180664062,-0.0652072057128,2802361000000,36.4897460938,-29.0364990234,-1.585267663,2811001000000,20.9453735352,-15.3567962646,0.589188873768,2816189000000,32.5406494141,-24.0499267578,-1.05055773258
2811653000000,29.7582702637,-30.5039367676,0.70060646534,2814121000000,16.2843017578,-12.8303375244,0.821254730225,2802457000000,34.7507324219,-27.5426940918,0.277630746365,2811105000000,17.4894104004,-15.8834228516,1.36377489567,2816297000000,31.591003418,-24.4410400391,-1.44442796707
2811769000000,29.0884094238,-30.2597045898,0.727212429047,2814217000000,15.6764221191,-12.3876800537,1.25557184219,2802561000000,35.751739502,-28.8552246094,-0.336797475815,2811197000000,17.2258300781,-16.7632446289,-0.724594533443,2816405000000,31.8012084961,-23.0537414551,-1.60050034523
2811901000000,28.418548584,-30.0154724121,0.753818452358,2814309000000,15.3736877441,-12.1288299561,1.30770337582,2802561000000,35.2785949707,-28.5516052246,-0.116697713733,2811297000000,18.681060791,-15.6854553223,-0.440444797277,2816505000000,29.5767822266,-22.4454650879,-1.22990524769
2812013000000,27.0843505859,-28.3838500977,0.25481826067,2814401000000,15.2295532227,-12.0196533203,1.21361815929,2802661000000,34.5007629395,-28.3396606445,0.0969971418381,2811297000000,17.4652709961,-15.4271697998,-0.473711699247,2816613000000,28.3174133301,-22.1353149414,-0.670167207718
2812121000000,26.010345459,-27.9073181152,-0.221670076251,2814501000000,14.9289855957,-11.7845306396,1.25905787945,2802769000000,34.017791748,-28.2004089355,0.124658316374,2811457000000,16.9090576172,-16.7035217285,-0.826798081398,2816713000000,29.1212768555,-21.8408203125,-0.987280786037
2812217000000,23.5160522461,-27.4236450195,-0.0906788930297,2814601000000,15.3542480469,-12.5127105713,0.814302504063,2802869000000,33.3590698242,-28.2263793945,0.322263270617,2811457000000,17.7640991211,-15.8506317139,-0.272985935211,2816713000000,30.0273132324,-21.2866516113,-0.390462368727
2812297000000,22.8448181152,-27.814666748,-0.508938074112,2814697000000,14.0272521973,-11.4476318359,1.16944932938,2802965000000,34.2055969238,-28.2395019531,-0.190154820681,2811557000000,17.4053955078,-15.7963256836,-0.279737174511,2816809000000,29.1747436523,-21.041015625,-0.730464458466
2812297000000,21.6596679688,-26.8979492188,-0.0290451664478,2814793000000,13.693359375,-11.2153930664,1.20614373684,2802965000000,33.8961486816,-28.908416748,-0.963875412941,2811657000000,16.0000610352,-15.6282806396,-0.349428325891,2816905000000,28.2095031738,-20.4185180664,-1.0111951828
2812389000000,23.0139160156,-25.9025268555,-0.0118780396879,2814889000000,12.9703979492,-11.3134765625,0.790939807892,2802965000000,32.9731140137,-28.2811584473,-0.679965853691,2811657000000,16.765625,-14.9650115967,0.451104313135,2816905000000,26.2599487305,-20.1705322266,-0.909113883972
2812389000000,21.2738647461,-25.7828063965,0.357250034809,2814969000000,12.5070800781,-11.0129394531,0.790480792522,2803069000000,33.6133422852,-28.1896972656,-1.02473258972,2811657000000,15.53515625,-14.8742370605,0.552960932255,2817005000000,26.5859680176,-19.8594055176,-1.17115461826
2812481000000,20.0120849609,-25.539855957,0.21597507596,2815117000000,13.1335144043,-10.9454650879,0.192245706916,2803209000000,32.0454711914,-27.6764831543,-0.943072140217,2811757000000,15.1134033203,-14.7593994141,0.592518866062,2817005000000,27.2533569336,-19.2709655762,-0.253657311201
2812573000000,18.2902526855,-25.1343994141,1.62274372578,2815117000000,11.6589660645,-10.6114654541,0.9978069067,2803309000000,31.8732299805,-27.3807373047,-1.34658753872,2811861000000,15.0986938477,-15.2505340576,0.638192236423,2817005000000,25.7506103516,-19.3571166992,-0.512939691544
2812661000000,18.484588623,-25.3415527344,2.09869742393,2815205000000,12.3985290527,-10.5827484131,0.383563697338,2803309000000,29.9989318848,-25.9317626953,0.40046018362,2811953000000,13.6038513184,-14.3552703857,0.989061713219,2817117000000,26.0494384766,-19.2506713867,-0.831283569336
2812661000000,17.7004699707,-24.7467041016,2.12630438805,2815205000000,11.2654418945,-10.2766571045,0.592205941677,2803413000000,30.1612548828,-26.9848022461,0.250788241625,2812057000000,12.6529846191,-13.940612793,0.827891170979,2817213000000,25.5309753418,-18.8575134277,-1.45333278179
2812753000000,16.8807983398,-24.3926391602,2.22437882423,2815309000000,10.6721801758,-9.9331817627,0.708959758282,2803517000000,28.6444396973,-26.2034301758,0.116380915046,2812149000000,11.6819763184,-13.7634735107,0.67589533329,2817309000000,24.9768981934,-18.2767944336,-1.74679017067
2812841000000,15.7972717285,-23.8965759277,1.83447039127,2815405000000,10.2152099609,-9.62438964844,0.48377263546,2803625000000,28.0686645508,-26.0001220703,0.145129770041,2812237000000,12.2822875977,-13.6787414551,0.334516316652,2817309000000,23.3315124512,-17.641784668,-1.84400129318
2813029000000,14.7996826172,-23.5743408203,1.4548279047,2815513000000,10.952911377,-9.67889404297,0.0104331346229,2803729000000,27.4928894043,-25.7968444824,0.173878625035,2812237000000,10.9695739746,-13.246963501,0.879748046398,2817401000000,23.9494018555,-17.6601257324,-2.21321868896
2813141000000,16.7501525879,-21.6011047363,4.81868934631,2815597000000,10.8073120117,-9.43730163574,-0.531045794487,2803841000000,25.4893188477,-25.243927002,0.481182783842,2812321000000,10.1427612305,-13.1366577148,1.07472920418,2817401000000,22.7244873047,-17.3795471191,-1.75694000721
2813265000000,15.4942321777,-22.5206604004,3.62207841873,2815597000000,9.20651245117,-8.89590454102,-0.0756136775017,2803941000000,26.0517578125,-24.7851257324,-0.0786121785641,2812405000000,9.44741821289,-13.1592712402,1.1961452961,2817505000000,21.7824401855,-17.0558776855,-1.07140541077
2813381000000,14.6855163574,-21.7769470215,3.52989411354,2815693000000,10.0199584961,-8.82670593262,-0.447002828121,2803941000000,25.6863708496,-25.2045898438,-0.653880655766,2812493000000,10.0032653809,-13.2984466553,0.82006663084,2817601000000,22.5810241699,-17.1453552246,-1.4576485157
2813381000000,12.428527832,-21.8099060059,2.85647416115,2815789000000,8.59426879883,-7.93043518066,0.0287199895829,2803941000000,24.7768859863,-24.6765441895,-0.886088430882,2812493000000,8.80099487305,-13.0456848145,1.15180325508,2817601000000,21.4442138672,-17.0782165527,-1.44348824024
2813477000000,12.3975524902,-21.7502441406,1.69046783447,2815869000000,9.27416992188,-7.89533996582,-0.348185539246,2804049000000,23.919921875,-24.1865234375,-0.901139080524,2812685000000,9.58068847656,-13.0209655762,0.750507831573,2817697000000,22.0608825684,-17.0159606934,-1.76961088181
2813477000000,11.9651794434,-22.3094177246,0.853153586388,2815997000000,9.21624755859,-7.78453063965,-0.775539815426,2804145000000,24.0235290527,-24.2486877441,-0.594254255295,2812685000000,9.33029174805,-13.5017547607,0.747590661049,2817805000000,21.6461486816,-16.7604980469,-1.84008610249
2813481000000,11.0398254395,-21.6992797852,0.784263849258,2815997000000,7.79452514648,-7.66468811035,-0.855382442474,2804145000000,22.8110046387,-23.3953857422,-0.206252172589,2812685000000,8.10906982422,-12.9372711182,1.51045930386,2817909000000,21.3784179688,-17.0668029785,-1.19091415405
2813573000000,10.3016967773,-21.4061584473,0.753722965717,2816089000000,8.22625732422,-7.46797180176,-1.27961802483,2804249000000,21.9302978516,-23.2427062988,-0.302180022001,2812825000000,8.91366577148,-12.8968963623,1.05454671383,2817909000000,19.8148803711,-16.3795471191,-0.558796703815
2813693000000,10.3059997559,-21.1517028809,0.139004126191,2816181000000,8.40707397461,-7.18037414551,-1.48041367531,2804345000000,22.462310791,-23.0480651855,-0.730876266956,2812825000000,8.6282043457,-13.3547821045,0.966951727867,2818001000000,20.702331543,-16.2889099121,-0.865673840046
2813801000000,9.84796142578,-20.6696472168,-0.227693542838,2816181000000,6.77548217773,-6.79182434082,-1.02639901638,2804453000000,21.7944946289,-23.3080444336,-1.23144471645,2812825000000,7.50244140625,-12.6803894043,1.32027673721,2818001000000,21.9549865723,-15.8812866211,-0.642128825188
2813801000000,7.96640014648,-20.4991455078,-0.579886078835,2816269000000,7.69171142578,-6.75221252441,-1.2587287426,2804453000000,20.269744873,-22.512878418,-0.437610864639,2812953000000,7.85836791992,-12.3590087891,0.948005139828,2818093000000,21.4596557617,-16.0656433105,-0.626846373081
2813901000000,6.53897094727,-20.1858215332,-0.324344158173,2816269000000,7.56182861328,-7.33258056641,0.235928788781,2804549000000,19.5693664551,-22.4334106445,-0.588822066784,2812953000000,6.26171875,-12.1157226562,1.09603106976,2818093000000,19.79296875,-15.7850189209,-0.777992010117
2813993000000,7.11651611328,-20.0651550293,-0.739947497845,2816393000000,7.81805419922,-6.83448791504,-0.126414760947,2804653000000,18.693939209,-22.1319885254,-0.347187519073,2813053000000,6.8244934082,-12.2661132812,0.676935911179,2818181000000,20.3447265625,-15.4447021484,-1.0875531435
2814089000000,6.3879699707,-20.4609985352,-0.865044236183,2816393000000,6.2307434082,-6.38186645508,0.449520081282,2804753000000,17.6956176758,-21.9898071289,-0.349930465221,2813141000000,6.64837646484,-12.1363372803,0.333036333323,2818281000000,20.499420166,-14.9691772461,-1.33124864101
2814185000000,5.97253417969,-19.6357116699,-1.24819540977,2816493000000,7.15322875977,-6.2765045166,-0.0666512921453,2804845000000,17.4868164062,-22.5491638184,-0.830673694611,2813141000000,5.21267700195,-11.8659820557,0.371014744043,2818373000000,20.139465332,-14.6813354492,-1.54462885857
2814277000000,4.12658691406,-19.0721435547,-1.35678935051,2816493000000,7.16204833984,-6.81607055664,-0.823356986046,2804845000000,16.7124328613,-21.9987792969,-0.916963219643,2813237000000,5.67553710938,-11.7770385742,0.0807152837515,2818481000000,19.736114502,-14.3688964844,-1.60041594505
2814361000000,4.24468994141,-18.8236083984,-1.67465746403,2816577000000,7.16250610352,-6.02238464355,-1.21275234222,2804949000000,17.8002929688,-21.3098449707,-2.76374316216,2813337000000,5.48986816406,-11.7300567627,-0.0980217307806,2818593000000,19.5221862793,-13.9102783203,-1.71087181568
2814361000000,2.97131347656,-18.3286743164,-1.08920478821,2816577000000,7.74111938477,-5.23301696777,-1.36662602425,2805053000000,16.7107543945,-22.1485595703,-4.25093173981,2813337000000,3.98513793945,-11.5002441406,0.0593742057681,2818689000000,19.3429260254,-13.5750274658,-1.79945278168
2814529000000,1.77221679688,-17.9458007812,-0.508125245571,2816665000000,7.01477050781,-5.19807434082,-1.72638189793,2805149000000,15.8132629395,-21.9888000488,-4.29517650604,2813445000000,2.8791809082,-11.167678833,0.116237737238,2818689000000,19.9469299316,-13.185043335,-0.762033879757
2814621000000,2.40249633789,-17.9916687012,-0.824750363827,2816665000000,6.41616821289,-5.63668823242,-1.6288831234,2805257000000,14.0908813477,-20.8659362793,-3.48807024956,2813529000000,3.41635131836,-11.1445617676,-0.252011686563,2818797000000,19.8496398926,-12.7422790527,-1.07408702374
2814621000000,1.23153686523,-17.7975769043,-0.76772236824,2816665000000,5.07339477539,-5.08709716797,-1.14991307259,2805365000000,14.1098632812,-21.124206543,-3.68089294434,2813529000000,2.35458374023,-10.8267211914,-0.216102451086,2818897000000,18.9987487793,-12.6791534424,-1.34153997898
2814717000000,0.681427001953,-17.8555297852,-1.03935801983,2816793000000,6.05975341797,-4.8035736084,-1.3664124012,2805365000000,13.2351379395,-20.5477294922,-2.91062831879,2813621000000,2.47369384766,-11.2187957764,-0.107737258077,2818997000000,18.7592773438,-12.3951416016,-1.36388528347
2814825000000,-0.0133056640625,-17.6074523926,-1.10665738583,2816793000000,7.06643676758,-4.24780273438,-1.35185110569,2805469000000,12.2608642578,-20.3124694824,-2.2234275341,2813717000000,1.10055541992,-10.3725280762,0.302553355694,2819101000000,18.2767944336,-12.1888885498,-1.64614021778
2814925000000,-0.463409423828,-18.5335693359,-1.21137738228,2816793000000,5.26580810547,-4.16314697266,-0.659749388695,2805569000000,11.5844421387,-20.0834655762,-2.27044057846,2813821000000,-0.122131347656,-9.95796203613,0.890370190144,2819197000000,17.8717956543,-11.9220275879,-1.85773301125
2815009000000,-0.597015380859,-18.1744384766,-1.62249362469,2816893000000,4.81549072266,-3.8050994873,-1.11305308342,2805669000000,11.3553771973,-21.1127624512,-3.06792235374,2813905000000,0.618591308594,-9.88941955566,0.445691406727,2819309000000,18.208984375,-11.1590576172,-1.66989099979
2815089000000,-2.88906860352,-17.5270996094,-1.01864051819,2816977000000,5.55740356445,-3.42022705078,-1.30013418198,2805669000000,10.4767456055,-20.1476135254,-2.64886069298,2813905000000,-0.431732177734,-9.72732543945,0.414622217417,2819417000000,17.3607177734,-11.2460327148,-1.84864664078
2815173000000,-3.6640625,-17.3190612793,-1.06822299957,2817137000000,5.58700561523,-3.30265808105,-1.54764127731,2805765000000,9.5485534668,-19.6058959961,-2.34399080276,2813997000000,0.183929443359,-9.50625610352,0.0613328181207,2819417000000,15.5610961914,-11.104598999,-1.53695571423
2815273000000,-2.79779052734,-17.3474731445,-1.38775658607,2817233000000,5.43707275391,-3.06240844727,-1.6009914875,2805845000000,9.53353881836,-19.9754333496,-2.89771604538,2814189000000,-0.242645263672,-9.25581359863,-0.193034723401,2819521000000,15.9778137207,-11.4320373535,-2.21396541595
2815349000000,-3.35256958008,-17.220916748,-1.67907464504,2817313000000,5.58892822266,-3.02522277832,-1.84551990032,2805949000000,8.91070556641,-19.8034667969,-2.96706104279,2814189000000,-1.98016357422,-8.82595825195,0.28698015213,2819521000000,14.8381652832,-10.9988555908,-2.02024054527
2815477000000,-4.03961181641,-17.2191772461,-1.18112361431,2817313000000,7.56915283203,-3.78764343262,-1.82303500175,2806053000000,7.89065551758,-20.100189209,-3.54611372948,2814297000000,-1.22857666016,-8.80160522461,-0.203913643956,2819629000000,14.244720459,-10.5218048096,-1.85578298569
2815477000000,-4.25128173828,-16.9393310547,-0.895761966705,2817397000000,6.49740600586,-2.91055297852,-1.90381169319,2806153000000,7.23330688477,-19.9689941406,-3.64413809776,2814301000000,-0.394866943359,-8.35934448242,-0.312099516392,2819725000000,15.8348999023,-9.6941986084,-1.92674291134
2815553000000,-4.97286987305,-16.7498474121,-1.29815495014,2817481000000,5.98526000977,-2.47392272949,-2.08900547028,2806257000000,6.31832885742,-19.4573364258,-3.73169445992,2814301000000,-1.96963500977,-8.44041442871,-0.261020302773,2819725000000,14.0258178711,-9.67863464355,-1.20475852489
2815553000000,-6.67822265625,-16.1605834961,-0.786468505859,2817601000000,5.86248779297,-2.14668273926,-2.19844579697,2806257000000,5.17819213867,-18.4304504395,-3.07464790344,2814433000000,-2.38604736328,-8.2501373291,-0.292049020529,2819821000000,15.2595214844,-9.69082641602,-1.34416174889
2815729000000,-6.94613647461,-15.791809082,0.384543627501,2817601000000,4.27047729492,-2.05274963379,-1.77396214008,2806361000000,4.98928833008,-19.0848388672,-3.85120224953,2814565000000,-2.47128295898,-7.69000244141,-0.638879477978,2819821000000,15.9190673828,-9.14714050293,-1.4443757534
2815729000000,-7.92538452148,-15.5803527832,0.873953938484,2817701000000,5.00930786133,-1.86451721191,-1.95886516571,2806361000000,4.05813598633,-18.4614562988,-4.33954238892,2814565000000,-3.80709838867,-7.44868469238,-0.503278076649,2819933000000,15.5389709473,-9.17520141602,-1.76914644241
2815821000000,-6.99627685547,-15.3648681641,0.422122567892,2817701000000,3.80651855469,-1.61178588867,-1.65066766739,2806461000000,3.35034179688,-18.0659790039,-3.92857789993,2814677000000,-3.12405395508,-7.23500061035,-0.929938256741,2819945000000,15.9846496582,-8.99546813965,-1.37497806549
2815821000000,-8.11151123047,-15.1557922363,0.47019085288,2817793000000,3.24594116211,-1.13844299316,-1.60161709785,2806561000000,3.2705078125,-19.077331543,-4.90156316757,2814677000000,-4.42028808594,-6.97557067871,-0.677639842033,,,,
2815905000000,-7.64538574219,-15.0770568848,0.268339395523,2817905000000,2.9850769043,-0.89533996582,-1.62684237957,2806561000000,2.46859741211,-18.141418457,-4.38099145889,2814773000000,-3.73510742188,-6.94111633301,-0.932894527912,,,,
2816001000000,-7.771484375,-15.0236663818,-0.157425746322,2818013000000,5.49542236328,0.31689453125,-1.37170791626,2806661000000,1.36004638672,-17.6591186523,-3.5710849762,2814773000000,-2.84735107422,-6.61027526855,-0.948144137859,,,,
2816001000000,-8.34020996094,-15.6130371094,0.283281981945,2818013000000,3.9264831543,0.107711791992,-0.896811664104,2806757000000,0.663452148438,-17.4493103027,-3.62060594559,2814877000000,-3.08486938477,-6.39016723633,-1.00079953671,,,,
2816001000000,-9.49755859375,-15.0694580078,0.157723620534,2818125000000,5.68469238281,0.446548461914,-0.885587453842,2806857000000,-0.0331420898438,-17.2395019531,-3.67012691498,2814969000000,-4.35266113281,-6.47409057617,-1.44086778164,,,,
2816097000000,-10.0361022949,-14.9057312012,0.178943783045,2818229000000,6.33990478516,0.680725097656,-0.719293057919,2806949000000,0.122863769531,-17.4957275391,-3.28656339645,2814969000000,-6.69107055664,-5.72705078125,-0.248899906874,,,,
2816193000000,-10.5746459961,-14.7420043945,0.200163945556,2818229000000,4.46340942383,0.248001098633,-0.395224362612,2807053000000,-1.05841064453,-18.2122802734,-3.46626543999,2815057000000,-5.82632446289,-6.07518005371,-0.621944248676,,,,
2816281000000,-11.291229248,-13.575881958,0.217472761869,2818341000000,4.35995483398,0.464248657227,-0.352426379919,2807157000000,-1.93167114258,-18.4494018555,-1.4116165638,2815141000000,-5.56838989258,-6.21257019043,-0.868002772331,,,,
2816369000000,-10.1880493164,-13.7663269043,-0.404401957989,2818453000000,4.25653076172,0.680480957031,-0.309628397226,2807261000000,-3.57934570312,-17.3746032715,-0.633435487747,2815241000000,-8.08157348633,-5.45391845703,0.160822317004,,,,
2816457000000,-10.5975952148,-13.5570220947,-0.419299066067,2818573000000,6.2532043457,0.951629638672,-0.0784870535135,2807357000000,-4.54266357422,-17.1605834961,-0.420237600803,2815333000000,-7.32180786133,-5.68955993652,-0.207020863891,,,,
2816613000000,-10.3028869629,-12.9430541992,-1.03465628624,2818573000000,6.14709472656,0.299072265625,-0.0317932330072,2807465000000,-4.11196899414,-17.1663513184,-0.628293275833,2815421000000,-7.38311767578,-5.79769897461,-0.520070552826,,,,
2816613000000,-10.8509521484,-13.3036499023,-1.40582978725,2818689000000,6.86975097656,1.13697814941,-0.279515296221,2807465000000,-4.42642211914,-17.7722473145,-1.00672769547,2815421000000,-8.9621887207,-5.68592834473,-0.0405181199312,,,,
2816613000000,-11.8823242188,-12.7580718994,-1.51058292389,2818693000000,6.33554077148,0.5439453125,-0.675345778465,2807465000000,-5.53173828125,-17.2559509277,-0.551700055599,2815517000000,-8.35095214844,-5.65455627441,-0.612016141415,,,,
2816721000000,-12.4932556152,-12.143737793,-1.47757530212,2818693000000,3.82015991211,3.59759521484,1.19403874874,2807549000000,-6.24298095703,-16.7700805664,-0.519689619541,2815517000000,-9.5950012207,-5.49188232422,-0.672299265862,,,,
2816841000000,-12.3115539551,-12.2203216553,-0.766385138035,2818801000000,6.40298461914,2.41384887695,0.775946736336,2807641000000,-7.0500793457,-16.5746459961,-0.380855292082,2815613000000,-10.0576477051,-5.35469055176,-0.696004629135,,,,
2816841000000,-12.9536132812,-11.3146057129,-0.116395294666,2818893000000,5.78436279297,2.63510131836,0.431459307671,2807749000000,-7.88317871094,-16.5516662598,-0.269093036652,2815713000000,-9.37100219727,-5.35862731934,-0.99637311697,,,,
2816933000000,-13.3629760742,-11.0256500244,-0.0991818234324,2818969000000,7.49285888672,2.75901794434,0.130083009601,2807853000000,-8.77893066406,-16.5168151855,-0.134415656328,2815713000000,-11.1175537109,-4.7078704834,0.0335145741701,,,,
2817029000000,-11.8155212402,-10.6381225586,-0.507872402668,2819101000000,8.4494934082,2.81497192383,-0.221088767052,2807953000000,-8.90728759766,-17.4499206543,1.28113377094,2815817000000,-10.2823791504,-4.9358215332,-0.32351359725,,,,
2817129000000,-11.5167541504,-10.2068939209,-0.92046558857,2819181000000,8.9997253418,2.94827270508,-0.532732546329,2807953000000,-9.74154663086,-16.7995910645,1.73768806458,2815817000000,-11.7446899414,-4.65901184082,0.265146404505,,,,
2817225000000,-11.5376586914,-9.81958007812,-1.24482738972,2819181000000,7.26095581055,3.07214355469,-1.20674753189,2808061000000,-9.83013916016,-17.6756286621,1.3582662344,2815913000000,-12.2101745605,-4.51063537598,0.298059552908,,,,
2817225000000,-10.9098205566,-9.00469970703,-2.26908254623,2819261000000,8.7702331543,2.9112701416,-1.48961174488,2808061000000,-10.4929504395,-17.0767822266,1.32120800018,2816001000000,-10.8855895996,-4.13066101074,-0.363123804331,,,,
2817313000000,-11.3421630859,-9.21293640137,-2.40607094765,2819261000000,7.50491333008,3.28413391113,-1.26532793045,2808161000000,-10.2881164551,-17.3684082031,1.078520298,2816001000000,-12.2487182617,-3.82249450684,-0.400408625603,,,,
2817425000000,-11.3460998535,-9.38151550293,-1.68392121792,2819413000000,9.09368896484,3.19325256348,-1.5261837244,2808161000000,-11.1754150391,-16.7600402832,1.30714321136,2816101000000,-11.2763671875,-3.87677001953,-0.630573987961,,,,
2817525000000,-11.6072692871,-8.72360229492,-1.91141533852,2819517000000,7.45352172852,4.20545959473,-1.83139050007,2808253000000,-12.0510559082,-16.4862365723,1.7582552433,2816265000000,-11.3025817871,-3.80278015137,-1.07111477852,,,,
2817609000000,-11.7268066406,-8.32403564453,-2.21955323219,2819625000000,9.5576171875,3.4229888916,-2.12683057785,2808349000000,-11.1167297363,-16.7887878418,1.56335496902,2816265000000,-12.6836547852,-3.48213195801,-0.713255226612,,,,
2817629000000,-11.1488342285,-7.91177368164,-2.34404325485,2819729000000,10.6714172363,3.83724975586,-2.24533176422,2808349000000,-11.9562988281,-16.6058959961,1.52236235142,2816353000000,-11.252166748,-2.83058166504,-0.566005587578,,,,
2817641000000,-13.3514404297,-7.76782226562,-1.62065899372,2819729000000,10.2277526855,3.30075073242,-2.21267271042,2808449000000,-12.7225952148,-16.4118041992,1.67443871498,2816353000000,-13.4635009766,-2.6270904541,0.435936123133,,,,
,,,,2819729000000,8.83337402344,4.48085021973,-1.88625812531,2808541000000,-12.7085571289,-17.1176452637,1.13493835926,2816453000000,-11.5440673828,-2.44859313965,0.35360789299,,,,
,,,,2819837000000,10.4548034668,4.24548339844,-2.00510239601,2808541000000,-13.7297973633,-16.6849060059,1.52427661419,2816453000000,-13.4984130859,-2.34310913086,0.877203822136,,,,
,,,,2819837000000,8.84588623047,4.85591125488,-1.84897112846,2808621000000,-14.2623596191,-16.6352233887,1.62580919266,2816549000000,-12.3557128906,-2.83680725098,0.291147828102,,,,
,,,,2819933000000,8.47393798828,5.18139648438,-1.29608798027,2808709000000,-13.2929992676,-16.3201293945,1.09286761284,2816549000000,-13.987701416,-2.16291809082,1.15044105053,,,,
,,,,2820021000000,10.6590881348,4.94407653809,-1.45040428638,2808709000000,-14.6123657227,-15.8725280762,1.36591231823,2816653000000,-12.5471191406,-2.53260803223,0.666738510132,,,,
,,,,2820021000000,10.8533325195,3.98461914062,-1.46485769749,2808805000000,-14.1229553223,-16.2041320801,0.932283461094,2816745000000,-11.9301452637,-2.25584411621,0.264771252871,,,,
,,,,2820117000000,11.8121032715,4.83961486816,-1.60802674294,2808805000000,-15.1088867188,-16.0487976074,0.900761842728,2816845000000,-11.2247619629,-1.46463012695,0.161194548011,,,,
,,,,2820121000000,9.94467163086,5.67825317383,-1.55095863342,2808909000000,-14.5456542969,-15.9233398438,0.517519235611,2816845000000,-13.0731506348,-1.48828125,0.0515211112797,,,,
,,,,2820201000000,11.6714477539,5.73318481445,-1.68034243584,2808909000000,-14.9899902344,-15.1084747314,2.07655239105,2816945000000,-13.888671875,-1.24113464355,-0.078925140202,,,,
,,,,2820201000000,9.69781494141,6.35731506348,-0.722478151321,2809001000000,-15.8097229004,-15.0720062256,3.12567877769,2817049000000,-12.5846557617,-1.05201721191,-0.384557932615,,,,
,,,,2820273000000,12.0304260254,6.07141113281,-0.943716585636,2809001000000,-16.6806945801,-15.0519561768,3.0030002594,2817049000000,-11.6312561035,-0.500610351562,-0.614418685436,,,,
,,,,2820273000000,10.6162109375,6.20370483398,-0.750975549221,2809089000000,-15.8912658691,-14.9381866455,2.13185143471,2817049000000,-13.8168945312,-0.354843139648,0.245163232088,,,,
,,,,2820401000000,12.5902404785,6.46772766113,-0.946632444859,2809089000000,-17.2822875977,-14.8184356689,2.29461789131,2817149000000,-12.777557373,-0.632705688477,0.0147192552686,,,,
,,,,2820401000000,12.5023803711,5.66645812988,-0.800325810909,2809221000000,-16.4676208496,-14.9483947754,1.68318796158,2817249000000,-12.4651489258,-0.402359008789,-0.602069139481,,,,
,,,,2820481000000,13.3800964355,6.53311157227,-1.05789732933,2809221000000,-16.6043701172,-15.4409790039,1.40772283077,2817357000000,-12.5230102539,-0.225738525391,-0.633591532707,,,,
,,,,2820481000000,11.2379150391,7.05514526367,-1.17887318134,2809325000000,-16.556640625,-15.0079803467,0.887729048729,2817469000000,-12.580871582,-0.0491180419922,-0.665113925934,,,,
,,,,2820641000000,13.10546875,7.0796661377,-1.35842168331,2809417000000,-16.938079834,-14.6711578369,0.413345634937,2817577000000,-11.6869506836,0.335220336914,-0.689415752888,,,,
,,,,2820725000000,13.8758239746,7.09225463867,-1.55956840515,2809417000000,-18.487121582,-14.3177185059,0.582547545433,2817681000000,-10.8679504395,1.14750671387,-0.502499222755,,,,
,,,,2820725000000,11.8363952637,7.33683776855,-1.45936357975,2809521000000,-17.838104248,-14.3856658936,0.0759260058403,2817789000000,-10.307434082,1.41395568848,-0.376142412424,,,,
,,,,2820817000000,13.6651306152,7.39891052246,-1.52642297745,2809521000000,-18.9943847656,-14.3082885742,-0.0568630509079,2817789000000,-12.8885192871,1.51119995117,0.179766491055,,,,
,,,,2820905000000,14.4328613281,7.61338806152,-1.66689038277,2809625000000,-19.3728942871,-14.2012786865,-0.106004573405,2817881000000,-12.9999389648,1.74684143066,0.200472190976,,,,
,,,,2820997000000,14.837310791,7.83720397949,-1.76294219494,2809725000000,-18.646484375,-13.8499298096,-0.504883050919,2817961000000,-10.8746032715,2.24461364746,-0.455430865288,,,,
,,,,2820997000000,16.0093078613,8.26623535156,-2.54437017441,2809725000000,-20.0111999512,-13.5862731934,-0.407019048929,2817961000000,-12.5239562988,2.00984191895,-0.471255302429,,,,
,,,,2821081000000,15.4121704102,8.06880187988,-2.64681482315,2809809000000,-19.4677429199,-13.2818603516,-0.753052651882,2818065000000,-11.0700378418,2.52557373047,-0.223606273532,,,,
,,,,2821081000000,16.232635498,8.95083618164,-2.26227760315,2809809000000,-20.7238769531,-12.8877716064,-0.593583881855,2818153000000,-11.0167541504,2.38334655762,-0.578379750252,,,,
,,,,2821081000000,13.1243896484,9.75093078613,-2.04046440125,2809925000000,-21.1059875488,-12.7112884521,-0.656127393246,2818265000000,-12.4384765625,2.89476013184,-0.519265174866,,,,
,,,,2821173000000,14.4826660156,8.8547668457,-2.10183429718,2810053000000,-19.724029541,-12.541015625,-1.09695839882,2818373000000,-12.6494140625,3.23251342773,-0.410497516394,,,,
,,,,2821305000000,15.056060791,8.93629455566,-2.14291787148,2810153000000,-19.7762145996,-12.2605285645,-1.33102738857,2818481000000,-12.6052856445,3.43333435059,-0.373766899109,,,,
,,,,2821305000000,14.7708129883,8.23484802246,-1.59022772312,2810245000000,-20.2158203125,-12.0243530273,-1.47606408596,2818569000000,-10.7727355957,3.51412963867,-0.586162209511,,,,
,,,,2821305000000,12.4519042969,9.05461120605,-1.03922331333,2810249000000,-21.7600097656,-11.7151794434,-1.27507388592,2818569000000,-11.9215698242,3.71586608887,-0.359785825014,,,,
,,,,2821397000000,14.2975158691,9.10803222656,-1.18114113808,2810333000000,-22.5110473633,-11.4196624756,-1.27144467831,2818665000000,-10.3629150391,3.74566650391,-0.731655061245,,,,
,,,,2821397000000,12.496887207,9.40802001953,-1.21196722984,2810433000000,-21.852722168,-11.7807159424,-0.139400556684,2818665000000,-10.388671875,3.03889465332,-1.1050465107,,,,
,,,,2821485000000,14.2557373047,9.3858795166,-1.33530819416,2810433000000,-22.6500549316,-11.1615447998,0.226467609406,2818761000000,-10.1612243652,3.06158447266,-1.30192351341,,,,
,,,,2821581000000,14.8956298828,9.19032287598,-1.47534322739,2810541000000,-23.4451599121,-10.6558837891,0.602797865868,2818761000000,-11.5049743652,4.26383972168,-0.444527864456,,,,
,,,,2821669000000,15.2579345703,9.16246032715,-1.61913263798,2810649000000,-22.3649291992,-10.2795410156,0.133539408445,2818857000000,-9.54644775391,4.63334655762,-0.676099538803,,,,
,,,,2821849000000,16.0961914062,9.40231323242,-1.59938657284,2810757000000,-22.6129760742,-10.0391082764,0.140047118068,2818857000000,-10.6191711426,5.08721923828,-0.608596146107,,,,
,,,,2821849000000,17.2788085938,10.2021179199,-1.26804482937,2810853000000,-22.4844665527,-9.36962890625,-0.326616257429,2818937000000,-8.78536987305,4.98188781738,-0.777631819248,,,,
,,,,2821849000000,14.0692749023,10.0218048096,-1.12702715397,2810853000000,-24.0723266602,-8.8770904541,0.264209777117,2819029000000,-7.84490966797,4.95426940918,-1.00118708611,,,,
,,,,2821941000000,15.2799072266,9.02352905273,-1.31270551682,2810937000000,-23.1386108398,-8.93905639648,-0.182413741946,2819109000000,-7.07281494141,5.28825378418,-1.18929767609,,,,
,,,,2821941000000,13.330657959,9.51225280762,-1.23235249519,2810941000000,-23.3916015625,-9.50630187988,-0.424204945564,2819109000000,-8.48260498047,5.66371154785,-0.802190184593,,,,
,,,,2822049000000,16.0871582031,9.66790771484,-1.82033312321,2810941000000,-24.482421875,-8.87477111816,-0.222706004977,2819333000000,-8.31140136719,5.88520812988,-0.817950606346,,,,
,,,,2822137000000,16.2358398438,9.60444641113,-1.91214847565,2811021000000,-23.4882202148,-8.55854797363,-0.523015081882,2819469000000,-5.91418457031,6.47618103027,-1.09526360035,,,,
,,,,2822137000000,13.7218322754,10.0867767334,-1.63361489773,2811129000000,-25.008392334,-7.80000305176,-0.100506074727,2819589000000,-4.98526000977,6.74029541016,-1.51434981823,,,,
,,,,2822221000000,15.387298584,10.1129608154,-1.65944766998,2811221000000,-25.3153076172,-7.51557922363,-0.10320623219,2819589000000,-3.80819702148,7.38078308105,-1.83908677101,,,,
,,,,2822221000000,13.2219543457,10.2524871826,-0.932753682137,2811317000000,-24.2691040039,-7.47665405273,-0.524685144424,2819589000000,-5.58847045898,7.12933349609,-1.54234147072,,,,
,,,,2822309000000,15.424987793,9.83473205566,-1.04673397541,2811317000000,-24.8487854004,-8.25015258789,-0.448760002851,2819693000000,-4.41958618164,7.05059814453,-1.74835705757,,,,
,,,,2822309000000,15.2604370117,8.28344726562,-0.626875579357,2811409000000,-24.5427856445,-7.40986633301,-0.659454643726,2819693000000,-5.98596191406,7.41844177246,-2.10625100136,,,,
,,,,2822309000000,17.3635253906,10.1094818115,-0.295523494482,2811409000000,-25.7516784668,-6.82791137695,-0.491834819317,2819805000000,-3.9821472168,7.38217163086,-2.14986085892,,,,
,,,,2822397000000,17.011505127,9.93818664551,-0.541945695877,2811521000000,-26.3027954102,-6.18344116211,-0.209402158856,2819909000000,-2.8337097168,7.77505493164,-2.20700645447,,,,
,,,,2822401000000,18.0653076172,10.9303283691,-0.408820420504,2811621000000,-24.6825561523,-5.66622924805,-0.108971521258,2819909000000,-4.18493652344,8.10342407227,-1.67983114719,,,,
,,,,2822489000000,17.372833252,10.3547363281,-0.657095491886,2811621000000,-26.0678405762,-5.57542419434,0.156435146928,2820009000000,-2.66854858398,8.05097961426,-1.89026749134,,,,
,,,,2822489000000,14.4066162109,10.8124847412,-0.641551613808,2811729000000,-25.4680480957,-5.44325256348,-0.255483418703,2820113000000,-1.6037902832,8.28826904297,-1.97486400604,,,,
,,,,2822577000000,16.3264465332,10.4987792969,-0.821270108223,2811817000000,-25.2767028809,-5.05859375,-0.515148103237,2820237000000,-0.881408691406,8.53132629395,-2.03596639633,,,,
,,,,2822577000000,15.9604492188,9.09391784668,-1.05472493172,2811817000000,-26.9579467773,-4.63812255859,0.0142953498289,2820237000000,-2.62454223633,8.79328918457,-1.53268897533,,,,
,,,,2822577000000,14.2720947266,10.7537078857,-0.78665792942,2811917000000,-27.226776123,-4.33532714844,0.0245822817087,2820353000000,-0.730651855469,8.70262145996,-1.27351915836,,,,
,,,,2822729000000,16.006072998,10.316986084,-0.993047893047,2812013000000,-25.7093200684,-4.3025970459,-0.407210111618,2820353000000,-2.18496704102,8.86199951172,-1.00465118885,,,,
,,,,2822821000000,16.3996276855,10.103225708,-1.16005945206,2812013000000,-26.9344482422,-3.77996826172,0.0357468314469,2820465000000,0.163604736328,9.12530517578,-1.11198687553,,,,
,,,,2822821000000,15.494934082,8.8268737793,-1.24442410469,2812177000000,-25.9848022461,-3.95697021484,-0.256910026073,2820465000000,-0.481658935547,10.269317627,-0.281987518072,,,,
,,,,2822821000000,13.4860534668,10.1676177979,-1.20780682564,2812177000000,-26.1918640137,-4.43969726562,0.288720160723,2820577000000,-0.905090332031,10.0481719971,-0.564788818359,,,,
,,,,2822905000000,15.3688354492,10.0832366943,-1.33242666721,2812177000000,-27.1086120605,-3.91790771484,0.318169534206,2820681000000,1.33575439453,10.1529083252,-0.760739445686,,,,
,,,,2822985000000,15.9797363281,10.0080566406,-1.39464449883,2812269000000,-26.8822937012,-4.51092529297,0.0839392244816,2820793000000,2.64950561523,10.4097137451,-0.943970620632,,,,
,,,,2822985000000,15.2970581055,8.40934753418,-1.2012887001,2812373000000,-26.6926879883,-4.55865478516,-0.242668613791,2820793000000,3.76135253906,10.9876556396,-0.492248535156,,,,
,,,,2823085000000,15.7396240234,9.37440490723,-1.30703616142,2812481000000,-26.6221923828,-4.05848693848,0.0228533893824,2820909000000,3.55355834961,10.5213470459,-0.836394906044,,,,
,,,,2823173000000,15.6653747559,9.91181945801,-1.43043971062,2812589000000,-26.1880187988,-3.45021057129,-0.270313501358,2820909000000,1.59494018555,10.4999694824,-0.776431381702,,,,
,,,,2823173000000,14.2444152832,8.11582946777,-1.44902408123,2812589000000,-26.5977478027,-3.82055664062,-0.532810986042,2820997000000,3.30679321289,10.3213653564,-1.0658659935,,,,
,,,,2823173000000,13.3632507324,9.33992004395,-0.0680521503091,2812689000000,-26.0370178223,-3.03675842285,-0.676211595535,2821089000000,4.64178466797,10.367980957,-1.21381735802,,,,
,,,,2823281000000,14.6272277832,9.58279418945,-0.307462394238,2812689000000,-27.2625732422,-2.7423248291,-0.661839544773,2821089000000,2.84368896484,10.7822113037,-0.94808614254,,,,
,,,,2823281000000,12.3557128906,10.403503418,-0.278335094452,2812789000000,-28.0573120117,-2.24914550781,0.0729098245502,2821185000000,4.68905639648,10.5642089844,-1.09417247772,,,,
,,,,2823457000000,14.0640869141,10.1324310303,-0.421529144049,2812889000000,-26.7600402832,-2.06748962402,-0.203158020973,2821185000000,3.10147094727,10.9935455322,-0.368874371052,,,,
,,,,2823549000000,14.385925293,10.5420379639,-0.588823914528,2812989000000,-25.9805908203,-1.28875732422,-0.0951605737209,2821281000000,5.22830200195,10.6466522217,-0.313139349222,,,,
,,,,2823549000000,11.7661132812,10.9688568115,-0.54393184185,2812989000000,-27.6432189941,-1.3049621582,-0.138722270727,2821397000000,5.64501953125,10.7527770996,-0.273221254349,,,,
,,,,2823641000000,13.312713623,10.8347625732,-0.668955564499,2813089000000,-28.4415283203,-1.03189086914,0.146706521511,2821497000000,6.06173706055,10.8588867188,-0.233303114772,,,,
,,,,2823641000000,11.0991516113,11.3596038818,-0.694340884686,2813193000000,-28.7921447754,-0.748031616211,0.388523757458,2821585000000,5.87036132812,9.90592956543,-0.196621596813,,,,
,,,,2823725000000,12.9268798828,11.1481170654,-0.83683526516,2813289000000,-27.581817627,-0.703323364258,0.0580844990909,2821689000000,6.34658813477,9.65821838379,-0.642840087414,,,,
,,,,2823725000000,15.191986084,12.1464996338,0.807626605034,2813289000000,-26.6972045898,-0.216674804688,-0.127987593412,2821689000000,8.29412841797,11.4672088623,-0.685881137848,,,,
,,,,2823725000000,11.8686828613,11.8359527588,1.10912561417,2813289000000,-28.2068786621,-0.312683105469,-0.124705977738,2821793000000,6.19033813477,11.9166107178,-0.725065410137,,,,
,,,,2823821000000,13.1305541992,11.364074707,0.794703423977,2813397000000,-28.2920837402,-0.853561401367,-1.02210068703,2821893000000,7.13000488281,10.6072540283,-0.644889593124,,,,
,,,,2823913000000,13.3650512695,11.4179840088,0.480074524879,2813501000000,-27.7966308594,-0.398056030273,-1.19362092018,2821893000000,5.81790161133,11.1743164062,-0.27186024189,,,,
,,,,2823913000000,10.7691955566,12.311630249,0.629966020584,2813577000000,-27.7172241211,-0.189590454102,-1.3514996767,2821977000000,8.29058837891,11.5844726562,-0.464672386646,,,,
,,,,2824005000000,12.289276123,11.9943389893,0.357057094574,2813577000000,-29.3809204102,0.291763305664,-0.600880146027,2821977000000,8.2878112793,10.7328033447,-0.361606448889,,,,
,,,,2824005000000,11.3497619629,11.9000091553,-0.0472427941859,2813677000000,-28.5921936035,0.317398071289,-1.06063508987,2821989000000,9.81811523438,11.9178771973,-0.231663361192,,,,
,,,,2824101000000,12.3492431641,11.8751525879,-0.29623824358,2813677000000,-30.0522460938,0.683486938477,-0.216702282429,2821997000000,7.48962402344,12.0325927734,0.372247636318,,,,
,,,,2824101000000,11.8244628906,10.7738800049,0.162933081388,2813769000000,-28.9325866699,0.711166381836,-0.532272398472,,,,,,,,
,,,,2824181000000,12.2772827148,11.670791626,-0.0984579399228,2813869000000,-28.8414916992,0.872589111328,-0.807772219181,,,,,,,,
,,,,2824357000000,12.0835266113,12.2997589111,-0.369584649801,2813869000000,-30.2527770996,1.03979492188,-0.401150971651,,,,,,,,
,,,,2824453000000,11.9006347656,12.5474700928,-0.626341819763,2813957000000,-29.6241760254,1.12071228027,-0.648973226547,,,,,,,,
,,,,2824453000000,8.71746826172,13.5220184326,0.038159634918,2813957000000,-31.1893920898,1.24807739258,-0.259419381618,,,,,,,,
,,,,2824557000000,10.4595031738,13.1734771729,-0.136507660151,2814057000000,-30.0702514648,1.2978515625,-0.590551316738,,,,,,,,
,,,,2824653000000,10.7322998047,13.3390655518,-0.371554195881,2814145000000,-29.8087463379,1.62408447266,-0.833519756794,,,,,,,,
,,,,2824757000000,10.5073242188,13.6914825439,-0.576262712479,2814253000000,-31.2698059082,2.11067199707,-0.811352491379,,,,,,,,
,,,,2824861000000,10.3067626953,13.8812561035,-0.752053797245,2814361000000,-30.4293212891,2.29315185547,-1.00873637199,,,,,,,,
,,,,2824965000000,10.0612487793,13.8192443848,-0.964757978916,2814361000000,-29.4719848633,3.03959655762,-0.701723575592,,,,,,,,
,,,,2825069000000,9.75784301758,13.9120483398,-1.15352404118,2814361000000,-31.0231018066,2.84538269043,-0.612532496452,,,,,,,,
,,,,2825069000000,6.75259399414,14.1198730469,-1.03453075886,2814477000000,-29.6661071777,3.40069580078,-0.496319234371,,,,,,,,
,,,,2825169000000,8.09332275391,14.1455993652,-1.26640117168,2814577000000,-30.009185791,3.3500213623,-0.832473933697,,,,,,,,
,,,,2825273000000,8.54229736328,14.4080047607,-1.42083132267,2814685000000,-29.6153259277,4.03675842285,-0.579552650452,,,,,,,,
,,,,2825273000000,9.986328125,15.9230804443,-0.99109607935,2814793000000,-29.6315917969,4.58006286621,-0.609703421593,,,,,,,,
,,,,2825365000000,8.67218017578,15.1499481201,-1.15435099602,2814889000000,-30.2715454102,4.36344909668,-0.775024056435,,,,,,,,
,,,,2825365000000,9.70343017578,16.3997497559,-0.657179772854,2814889000000,-29.658782959,4.53779602051,-1.13815903664,,,,,,,,
,,,,2825465000000,8.29586791992,15.5513000488,-0.906748175621,2814985000000,-29.8116455078,4.96081542969,-0.943936824799,,,,,,,,
,,,,2825573000000,3.95520019531,17.2620239258,-0.0376699604094,2815081000000,-32.1501464844,4.86413574219,-0.727203309536,,,,,,,,
,,,,2825681000000,5.61474609375,15.9557189941,-0.183311522007,2815201000000,-33.1467895508,5.03233337402,-0.466340303421,,,,,,,,
,,,,2825681000000,7.83285522461,17.1112365723,-1.43226528168,2815325000000,-31.9025878906,5.22830200195,-0.744762122631,,,,,,,,
,,,,2825681000000,4.07955932617,16.6706085205,-1.38025307655,2815325000000,-33.0107727051,5.41650390625,-0.584961414337,,,,,,,,
,,,,2825801000000,2.14678955078,16.0536956787,-1.23349714279,2815441000000,-31.8276977539,5.45964050293,-0.706822395325,,,,,,,,
,,,,2825913000000,2.11154174805,13.6908569336,-1.26330304146,2815441000000,-32.1133117676,4.74377441406,-0.613585114479,,,,,,,,
,,,,2825913000000,5.02474975586,15.5108184814,-1.06783378124,2815441000000,-31.5675354004,5.11869812012,-0.991107463837,,,,,,,,
,,,,2826017000000,3.08349609375,13.6393127441,-0.465329140425,2815445000000,-32.9869995117,5.49688720703,-0.744341611862,,,,,,,,
,,,,2826017000000,0.518157958984,14.7214813232,-0.604453444481,2815565000000,-32.9580078125,4.96305847168,-1.01264607906,,,,,,,,
,,,,2826125000000,2.51400756836,14.2821044922,-0.706109762192,2815565000000,-33.7254333496,5.67454528809,-0.866249799728,,,,,,,,
,,,,2826237000000,2.16946411133,14.2438659668,-0.704043626785,2815665000000,-32.5344238281,5.76348876953,-1.35273957253,,,,,,,,
,,,,2826341000000,1.31072998047,12.2916412354,0.0730940550566,2815665000000,-32.5049133301,5.57046508789,-1.3482145071,,,,,,,,
,,,,2826445000000,1.54608154297,13.1884918213,-0.0363515950739,2815777000000,-33.3676757812,6.74150085449,-0.926949799061,,,,,,,,
,,,,2826549000000,1.29797363281,13.3062896729,-0.157110527158,2815877000000,-31.6370544434,7.24072265625,-0.972098231316,,,,,,,,
,,,,2826641000000,0.880981445312,13.129486084,-0.302908986807,2815981000000,-32.6116943359,7.51683044434,-0.184159249067,,,,,,,,
,,,,2826733000000,-0.00018310546875,12.9951477051,-0.519876658916,2816093000000,-32.9377746582,7.90983581543,0.0236290730536,,,,,,,,
,,,,2826817000000,-0.432647705078,13.0584869385,-0.695697367191,2816197000000,-31.1710205078,8.1363067627,-0.200835987926,,,,,,,,
,,,,2826817000000,-4.19891357422,13.8368225098,-0.763080537319,2816197000000,-29.799041748,8.79063415527,-0.239741116762,,,,,,,,
,,,,2826901000000,-2.71817016602,13.9374694824,-0.916604936123,2816293000000,-29.7456970215,8.67808532715,-0.410094231367,,,,,,,,
,,,,2826901000000,-0.296783447266,14.6590881348,-1.54432606697,2816293000000,-30.3326416016,7.93592834473,-0.806001186371,,,,,,,,
,,,,2826993000000,-1.79595947266,13.8695220947,-1.56451284885,2816293000000,-28.9483642578,9.4181060791,0.409654676914,,,,,,,,
,,,,2827173000000,-2.65817260742,13.5365753174,-1.53193461895,2816405000000,-29.8631286621,8.03662109375,-0.0960368588567,,,,,,,,
,,,,2827173000000,-7.26211547852,14.159866333,-1.31650936604,2816405000000,-29.5855712891,8.16831970215,-2.69909954071,,,,,,,,
,,,,2827305000000,-6.1565246582,12.2076721191,-1.15536880493,2816521000000,-30.486328125,8.89682006836,-2.18725061417,,,,,,,,
,,,,2827305000000,-2.73895263672,14.4841003418,-0.881578147411,2816617000000,-30.5632629395,9.73426818848,-2.06031036377,,,,,,,,
,,,,2827429000000,-4.05429077148,13.7294769287,-0.894721627235,2816733000000,-29.369354248,8.9499206543,-2.12268900871,,,,,,,,
,,,,2827429000000,-8.78002929688,14.0437774658,-0.792665362358,2816737000000,-30.2188110352,9.84246826172,-1.23640048504,,,,,,,,
,,,,2827537000000,-7.57681274414,13.3455963135,-0.931229829788,2816845000000,-28.8427124023,9.6460723877,-1.23555910587,,,,,,,,
,,,,2827537000000,-8.19900512695,11.5038299561,-0.623328924179,2816845000000,-29.2207641602,10.1829071045,-0.984114587307,,,,,,,,
,,,,2827637000000,-7.8603515625,11.9404296875,-0.717713177204,2816957000000,-27.7670898438,10.6748199463,-0.573026239872,,,,,,,,
,,,,2827725000000,-8.63189697266,11.7875518799,-0.787532269955,2816957000000,-28.5145263672,10.9219970703,-0.356984198093,,,,,,,,
,,,,2827809000000,-9.46780395508,10.9391326904,-0.837804555893,2817065000000,-28.4916687012,11.393447876,-0.378699630499,,,,,,,,
,,,,2827897000000,-10.2717285156,10.2076568604,-0.905349373817,2817177000000,-26.8224487305,10.8344421387,-0.684709608555,,,,,,,,
,,,,2828157000000,-10.9008789062,9.65734863281,-0.936988115311,2817177000000,-24.6089782715,11.2961883545,-0.587902843952,,,,,,,,
,,,,2828157000000,-15.295135498,8.68472290039,-1.31004965305,2817289000000,-23.6005859375,12.1833953857,-0.376918524504,,,,,,,,
,,,,2828253000000,-13.9312744141,8.16426086426,-1.30581557751,2817289000000,-25.620513916,11.9869842529,-0.0881941840053,,,,,,,,
,,,,2828329000000,-13.7729492188,8.0708770752,-1.30567800999,2817405000000,-25.003326416,11.0557403564,-0.326076030731,,,,,,,,
,,,,2828421000000,-14.3701477051,7.55183410645,-1.32350242138,2817505000000,-22.6471557617,12.2913970947,-0.454993396997,,,,,,,,
,,,,2828421000000,-19.8755493164,8.32109069824,-1.27182757854,2817505000000,-24.0567932129,12.3554840088,0.302247136831,,,,,,,,
,,,,2828501000000,-17.2112121582,6.91265869141,-1.33986103535,2817613000000,-23.2053222656,11.145401001,0.00894386321306,,,,,,,,
,,,,2828501000000,-14.1555786133,8.72618103027,-1.36165964603,2817733000000,-22.5514831543,11.2559967041,0.0356476381421,,,,,,,,
,,,,2828713000000,-15.6108398438,7.44999694824,-1.25827550888,2817853000000,-23.677734375,13.3981628418,1.69961035252,,,,,,,,
,,,,2828713000000,-14.0757751465,9.09936523438,-0.87002903223,2817969000000,-21.3593139648,12.3856201172,1.40552079678,,,,,,,,
,,,,2828873000000,-15.4632263184,7.9679107666,-0.806298732758,2817981000000,-21.3710632324,12.8457489014,1.43455934525,,,,,,,,
,,,,2828873000000,-18.1384887695,4.58396911621,-0.0800378546119,,,,,,,,,,,,
,,,,2828881000000,-21.7410888672,6.49313354492,-0.128165557981,,,,,,,,,,,,
,,,,2829037000000,-18.9075622559,6.07420349121,-0.266510903835,,,,,,,,,,,,
