1_time_percent,1_error_X,1_error_Y,1_error_Angle,2_time_percent,2_error_X,2_error_Y,2_error_Angle,3_time_percent,3_error_X,3_error_Y,3_error_Angle,4_time_percent,4_error_X,4_error_Y,4_error_Angle
1.54393811376758e+18,4.94287109375,-56.4454650879,-2.48609662056,1.5439384852166205e+18,91.8588027954,16.420501709,-11.5634889603,1544027854183512275,-31.2648162842,27.1572570801,61.8010482788,1.5440286301895706e+18,10.4395446777,43.2207565308,-38.0725021362
1.5439381139837425e+18,4.88793945312,-53.4111480713,-2.94186663628,1.5439384854316004e+18,93.1613616943,16.5406265259,-12.703962326,1544027854341803847,-31.1855926514,28.3837203979,64.1266555786,1.5440286302920246e+18,9.30094909668,42.6362380981,-38.3571128845
1.5439381142158264e+18,4.83302307129,-50.3768157959,-3.39763665199,1.5439384856499126e+18,101.770675659,11.7763442993,1.0884642601,1544027854481463121,-31.1063690186,29.6101760864,66.4522705078,1.5440286303761134e+18,8.16235351562,42.0517196655,-38.6417274475
1.5439381148373128e+18,4.77810668945,-47.3424835205,-3.85340666771,1.5439384858529725e+18,103.9479599,5.72917938232,4.27219152451,1544027854614227910,-26.7317352295,34.2895507812,62.3912849426,1.544028630435257e+18,7.02374267578,41.4672012329,-38.9263381958
1.5439381150164908e+18,4.72317504883,-44.3081512451,-4.30917692184,1.543938486000492e+18,106.848579407,1.91403198242,5.93714141846,1544027854706912058,-25.2262878418,36.6625061035,63.7941207886,1.5440286305478154e+18,5.88514709473,40.8826828003,-39.2109489441
1.5439381152621036e+18,4.66825866699,-41.2738342285,-4.76494693756,1.543938486227192e+18,109.749191284,-1.90112304688,7.60209131241,1544027854869799453,-23.7208251953,39.0354614258,65.1969604492,1.5440286306326108e+18,4.74655151367,40.2981643677,-39.4955596924
1.5439381154560945e+18,4.61334228516,-38.2395019531,-5.22071695328,1.543938486497517e+18,102.674789429,4.39980316162,18.5266628265,1544027855239909078,-22.2153625488,41.408416748,66.5998001099,1.5440286307218068e+18,3.60795593262,39.7136459351,-39.7801704407
1.5439381155792696e+18,4.55841064453,-35.2051696777,-5.67648696899,1.5439384867014077e+18,102.37147522,3.83389282227,21.8101863861,1544027855597676713,-20.7099151611,43.7813720703,68.0026397705,1.5440286307869053e+18,2.46934509277,39.1291275024,-40.064781189
1.5439381157773652e+18,4.5034942627,-32.1708374023,-6.13225650787,1.543938486849808e+18,102.068145752,3.2679901123,25.0937099457,1544027855693127906,-19.2044525146,46.1543273926,69.4054794312,1.5440286308678587e+18,1.33074951172,38.5446014404,-40.3493919373
1.5439381160029312e+18,5.20431518555,-87.4704589844,-1.64075100422,1.5439384870569247e+18,101.764831543,2.70207977295,28.3772335052,1544027855877558062,-17.6989898682,48.5272827148,70.8083190918,1.5440286309591642e+18,0.192153930664,37.9600830078,-40.6340026855
1.543938116230145e+18,5.20608520508,-88.8122711182,-1.73817300797,1.5439384872022828e+18,95.1437911987,3.36608886719,10.1376247406,1544027856049626354,-16.1935272217,50.9002380371,72.2111587524,1.544028631077133e+18,-0.94645690918,37.3755645752,-40.9186134338
1.5439381164124111e+18,5.20785522461,-90.1540985107,-1.8355948925,1.543938487376717e+18,93.1515808105,3.12897491455,10.1449613571,1544027856217639790,-14.688079834,53.2731933594,73.6139907837,1.5440286311395366e+18,-2.08505249023,36.7910461426,-41.2032241821
1.543938116723329e+18,5.20962524414,-91.4959259033,-1.93301689625,1.5439384875648517e+18,91.1593704224,2.89185333252,10.15229702,1544027856350595915,-13.1826171875,55.646156311,75.0168304443,1.5440286312348828e+18,-3.22364807129,36.20652771,-41.4878349304
1.54393811689378e+18,5.21139526367,-92.8377380371,-2.03043889999,1.5439384877679327e+18,89.1671524048,2.65473937988,10.1596336365,1544027856711035010,-11.677154541,58.0191078186,76.419670105,1.5440286313342746e+18,-4.36225891113,35.6220092773,-41.7724456787
1.5439381171431165e+18,0.56721496582,-91.986907959,20.0963764191,1.54393848806313e+18,76.7566452026,3.30170440674,0.822383463383,1544027857485626475,-10.1717071533,60.3920631409,77.8225097656,1.5440286314805537e+18,-5.50085449219,35.0374908447,-42.057056427
1.5439381174740913e+18,-0.435165405273,-92.8548126221,22.9954509735,1.5439384882575421e+18,71.978263855,3.30101776123,-0.526988446712,1544027857720869485,-8.66624450684,62.7650222778,79.2253494263,1.544028631575576e+18,-6.63945007324,34.4529724121,-42.3416671753
1.5439381177143168e+18,-1.43756103516,-93.7227172852,25.894525528,1.5439384884588948e+18,67.1998825073,3.30033111572,-1.87636041641,1544027857934667945,-7.16078186035,65.1379776001,80.6281890869,1.5440286317171098e+18,-7.77806091309,33.8684539795,-42.6262779236
1.5439381178839043e+18,-8.06492614746,-86.6378631592,14.5397424698,1.5439384886806003e+18,62.4214935303,3.29964447021,-3.22573232651,1544027858092177504,-5.65533447266,67.5109329224,82.0310287476,1.5440286318862607e+18,-8.91665649414,33.2839355469,-42.9108886719
1.543938118140066e+18,-10.9051818848,-84.907333374,15.2089824677,1.5439384888819712e+18,86.4215927124,14.5471725464,1.9632743597,1544027858232099782,-4.14987182617,69.8838882446,83.4338684082,1.5440286320083958e+18,-10.0552520752,32.6994171143,-43.1954994202
1.5439381183169083e+18,-13.7454528809,-83.1767883301,15.8782234192,1.5439384891170972e+18,89.3391723633,17.5544891357,1.56389904022,1544027858364302646,-2.64440917969,72.2568435669,84.8367080688,1.544028632166522e+18,-11.1938476562,32.1148986816,-43.4801101685
1.5439381185090568e+18,-6.15026855469,-82.4595336914,4.87808179855,1.5439384893132006e+18,92.2567520142,20.5618133545,1.16452372074,1544027858541844525,-1.1389465332,74.6297988892,86.2395401001,1.5440286324400804e+18,-12.3324584961,31.530380249,-43.7647209167
1.5439381186705462e+18,-5.61958312988,-81.0563201904,3.65303397179,1.5439384895094346e+18,95.174331665,23.5691299438,0.76514840126,1544027858646602283,0.366500854492,77.0027618408,87.6423797607,1.5440286326871726e+18,-13.4710540771,30.9458618164,-44.049331665
1.543938118898874e+18,-5.08888244629,-79.6531066895,2.42798614502,1.543938489661834e+18,98.0919113159,26.5764541626,0.365773051977,1544027858781777694,1.87196350098,79.3757171631,89.0452194214,1.5440286328427612e+18,-14.6096496582,30.3613433838,-44.3339424133
1.5439381191384732e+18,-4.55819702148,-78.2498931885,1.20293843746,1.5439384897882312e+18,101.009490967,29.583770752,-0.0336022488773,1544027858916312344,3.37742614746,81.7486724854,90.448059082,1.5440286329785577e+18,-15.748260498,29.7768249512,-44.6185531616
1.5439381193071145e+18,-4.02749633789,-76.8466796875,-0.0221093911678,1.5439384899968993e+18,91.9836883545,25.5896759033,-11.9443063736,1544027859025951222,4.88287353516,84.1216278076,91.8508987427,1.544028633212586e+18,-16.8868560791,29.1923065186,-44.9031639099
1.5439381194907546e+18,-3.49681091309,-75.4434661865,-1.24715721607,1.5439384901337505e+18,90.9550704956,22.5710983276,-8.71782779694,1544027859160678959,6.38833618164,86.4945831299,93.2537384033,1.5440286334724692e+18,-18.0254516602,28.6077880859,-45.1877784729
1.5439381196227505e+18,-2.96611022949,-74.0402374268,-2.47220492363,1.5439384902891635e+18,90.6228790283,21.5822906494,-9.84821414948,1544027859299543762,7.89379882812,88.8675384521,94.656578064,1.5440286345752768e+18,-19.1640625,28.0232696533,-45.4723892212
1.5439381198178476e+18,-9.29055786133,-74.2142486572,-10.1903715134,1.5439384905018964e+18,90.290687561,20.5934753418,-10.9785995483,1544027859408150831,9.39926147461,91.2404937744,96.0594177246,1.544028634889907e+18,-20.3026580811,27.4387512207,-45.7569999695
1.5439381200082708e+18,34.0913619995,9.36322021484,38.4719085693,1.5439384906195284e+18,89.9585037231,19.6046600342,-12.1089859009,1544027859530377327,10.9047088623,93.6134490967,97.4622573853,1.544028635003788e+18,-21.4412536621,26.8542327881,-46.0416107178
1.5439381201946941e+18,59.0457458496,58.4481277466,43.496799469,1.54393849083659e+18,89.6263122559,18.6158447266,-13.2393712997,1544027859652337151,12.4101715088,95.9864044189,98.8650894165,1.5440286351503396e+18,-35.0950775146,-7.06811523438,2.38343977928
1.5439381203752627e+18,-14.4337005615,-60.046875,14.3956069946,1.5439384910706424e+18,89.294128418,17.6270294189,-14.3697576523,1544027859776902643,13.9156341553,98.3593597412,100.267929077,1.5440286352905316e+18,-36.5532073975,-8.50378417969,3.3351829052
1.5439381205975892e+18,-29.6305236816,-79.3178863525,13.4126148224,1.5439384912551444e+18,88.9619369507,16.6382141113,-15.5001430511,1544027859949496568,15.421081543,100.732315063,101.670768738,1.5440286354864346e+18,-38.0113220215,-9.93943786621,4.28692579269
1.543938120794219e+18,-44.8273468018,-98.5888977051,12.4296226501,1.5439384914460833e+18,88.6297531128,15.6494064331,-16.6305294037,1544027860174457622,16.9265441895,103.105270386,103.073608398,1.5440286356340667e+18,-39.4694519043,-11.3751068115,5.23866891861
1.5439381209612475e+18,-60.0241546631,-117.859893799,11.4466314316,1.5439384916144246e+18,88.2975616455,14.6605911255,-17.7609157562,1544027860354514334,18.4320068359,105.478225708,104.476448059,1.5440286357761126e+18,-26.0450286865,-29.7122497559,12.6396074295
1.5439381212469046e+18,-75.2209777832,-137.130889893,10.4636392593,1.5439384918329367e+18,68.0334854126,-4.93444061279,-0.813634812832,1544027860994831736,19.9374694824,107.85118103,105.87928772,1.5440286359449897e+18,-25.7181091309,-31.2219848633,21.9785175323
1.543938121439703e+18,-31.4646453857,-76.3624572754,-2.00311541557,1.5439384920359892e+18,63.5626983643,-6.11421966553,7.09106016159,1544027861120528454,-22.8526611328,-58.1602783203,8.78431415558,1.5440286360998912e+18,-33.2761535645,-32.8630523682,20.0936393738
1.543938121653855e+18,-25.2337493896,-73.1288604736,-7.83751392365,1.5439384922746135e+18,59.6073379517,-8.21505737305,8.87471580505,1544027861309239845,-23.3247070312,-63.3045959473,6.25211572647,1.5440286364084355e+18,-36.7189941406,-35.3770751953,22.4541473389
1.5439381218382382e+18,-24.0230102539,-68.5366821289,-12.5004558563,1.5439384924219359e+18,55.6519775391,-10.31590271,10.6583709717,1544027861799811937,-23.7967681885,-68.4488983154,3.71991705894,1.5440286365989878e+18,-32.5388336182,-40.0964202881,12.7891759872
1.5439381226921388e+18,-14.7259521484,-52.3236236572,-15.6842632294,1.5439384926128381e+18,51.6966171265,-12.4167327881,12.4420261383,1544027861941866207,-24.2688140869,-73.5932159424,1.18771839142,1.544028636693273e+18,-32.9288787842,-43.4936218262,12.599366188
1.543938122877973e+18,-9.00939941406,-42.4221801758,-19.0753650665,1.5439384928641876e+18,47.7412643433,-14.5175628662,14.2256822586,1544027862092822745,-24.7408599854,-78.7375183105,-1.34448027611,1.544028636871972e+18,-39.5155944824,-39.9581604004,16.2718715668
1.5439381230045064e+18,-3.29286193848,-32.5207214355,-22.4664649963,1.543938493054343e+18,34.611618042,-14.9599151611,-16.4034366608,1544027862376262360,-25.2129211426,-83.8818359375,-3.87667894363,1.5440286369651156e+18,-42.3806152344,-40.5864105225,16.8282756805
1.5439381235033628e+18,2.4236907959,-22.6192779541,-25.8575668335,1.5439384932136645e+18,28.617477417,-16.6921844482,-19.4603595734,1544027862576835524,-25.684967041,-89.0261383057,-6.40887737274,1.5440286371029903e+18,-35.5018920898,-36.9057922363,7.79246234894
1.5439381237382766e+18,2.8872833252,-37.949005127,-17.4423408508,1.5439384933771587e+18,22.623336792,-18.4244537354,-22.517282486,1544027862794962969,-26.1570129395,-94.1704559326,-8.94107627869,1.5440286383162422e+18,-34.4667358398,-35.8092956543,6.5980553627
1.5439381242643187e+18,7.20599365234,-34.7616882324,-18.8252735138,1.5439384935987116e+18,23.1978607178,-8.78604125977,-10.1466121674,1544027862922329338,-17.9246826172,-77.7562103271,12.1082353592,1.544028638439936e+18,-33.4315643311,-34.7128143311,5.40364837646
1.5439381244259402e+18,27.1310424805,-22.933303833,-12.2427845001,1.5439384937776046e+18,19.3490142822,-6.80469512939,-10.8313570023,1544027863191345680,-17.2155151367,-77.9050140381,20.6458454132,1.544028638546396e+18,-26.4713745117,-30.095199585,6.28783416748
1.5439381245728591e+18,31.4309997559,-9.67272949219,-10.9406423569,1.543938493948301e+18,22.4294433594,-10.2091217041,3.03978991508,1544027863371194805,-6.51852416992,-69.8717193604,15.5762338638,1.5440286387103084e+18,-23.5321960449,-27.8672027588,5.44123649597
1.5439381248034222e+18,38.8693084717,0.397560119629,-10.7493915558,1.5439384941447155e+18,21.3839874268,-10.4067077637,4.77523183823,1544027863764337881,-5.19198608398,-62.4830169678,9.00477218628,1.5440286388167729e+18,-37.4801177979,-39.0347900391,10.2987222672
1.5439381250388188e+18,46.3076171875,10.4678497314,-10.5581417084,1.5439384942799404e+18,19.7860412598,-7.68082427979,0.909896194935,1544027863952775935,10.0712127686,-56.6439056396,25.3139533997,1.544028639129356e+18,-41.3730316162,-42.2263031006,10.4179353714
1.5439381252305546e+18,24.6652984619,-8.10498046875,-7.09729290009,1.5439384944437087e+18,15.3290863037,-8.18138122559,0.635852336884,1544027864305470948,19.7221679688,-50.8173980713,28.0360927582,1.5440286392827692e+18,-45.2659301758,-45.4178009033,10.5371494293
1.5439381254301212e+18,24.5128326416,-9.82608032227,-5.67943668365,1.5439384945600735e+18,12.4440307617,-7.95543670654,1.19122469425,1544027864626225992,29.3731231689,-44.9908905029,30.7582321167,1.5440286394565768e+18,-49.1588439941,-48.6093139648,10.6563634872
1.5439381256244887e+18,24.5333404541,-8.83766174316,-5.25018119812,1.5439384947974295e+18,8.84567260742,-8.36451721191,-5.54158973694,1544027865049695636,39.0240783691,-39.1643981934,33.4803695679,1.544028639598222e+18,-53.0517425537,-51.8008117676,10.7755765915
1.5439381258950502e+18,24.0682373047,-8.53227233887,-4.45284461975,1.5439384949371517e+18,5.67408752441,-8.39366149902,-6.38687181473,1544027865265291332,48.6750335693,-33.337890625,36.2025108337,1.544028639716517e+18,-56.9446563721,-54.9923248291,10.8947906494
1.5439381261521283e+18,23.6031341553,-8.22689819336,-3.65550780296,1.5439384951306427e+18,2.50250244141,-8.42280578613,-7.23215389252,1544027865516068549,58.3259887695,-27.5113830566,38.9246482849,1.5440286398218734e+18,-60.8375549316,-58.1838226318,11.0140047073
1.54393812643248e+18,23.1380310059,-7.92150115967,-2.85817122459,1.5439384953289554e+18,-0.669082641602,-8.45195007324,-8.07743644714,1544027865716605921,67.9769439697,-21.6848754883,41.6467895508,1.5440286399270582e+18,-64.73046875,-61.3753356934,11.1332187653
1.5439381266105964e+18,27.6893768311,-15.1114501953,-1.71245896816,1.543938495560747e+18,-3.84066772461,-8.48109436035,-8.9227180481,1544027865947389485,77.6278991699,-15.8583831787,44.368927002,1.5440286400430876e+18,-68.6233673096,-64.5668334961,11.2524318695
1.5439381267859474e+18,28.5580444336,-16.7989196777,-0.857012748718,1.543938495886878e+18,-7.01225280762,-8.51023864746,-9.76800060272,1544027866090955655,87.2788543701,-10.0318756104,47.0910644531,1.5440286402272248e+18,-72.5162811279,-67.7583465576,11.3716459274
1.5439381269633452e+18,29.0266418457,-13.3561859131,-3.8478603363,1.5439384960021955e+18,-10.1838378906,-8.53938293457,-10.6132831573,1544027866427282573,96.9298095703,-4.20536804199,49.813205719,1.5440286405310382e+18,-76.4091796875,-70.9498443604,11.4908599854
1.5439381271583552e+18,29.7311553955,-12.9387817383,-3.63279271126,1.5439384961946378e+18,-13.3554229736,-8.56851196289,-11.4585647583,1544027866552998749,106.580764771,1.62113189697,52.5353431702,1.5440286406429279e+18,-80.3020935059,-74.1413574219,11.6100730896
1.5439381273704886e+18,30.4356842041,-12.5213928223,-3.41772484779,1.5439384963352364e+18,-35.0108184814,-17.727432251,18.4437446594,1544027866733408716,116.231719971,7.44763946533,55.2574806213,1.54402864098021e+18,-84.1949920654,-77.3328552246,11.7292871475
1.5439381275824494e+18,31.1401977539,-12.1040039062,-3.20265722275,1.543938496525646e+18,-41.0847930908,-19.1901702881,21.1537437439,1544027866946248368,125.882675171,13.2741470337,57.9796218872,1.5440286415413453e+18,14.8176574707,-3.26342010498,-6.71683359146
1.5439381276823232e+18,27.8480224609,-11.4188842773,-1.48514401913,1.543938496722946e+18,-57.411605835,-22.0653533936,14.1605787277,1544027867060868742,135.533630371,19.1006469727,60.7017593384,1.5440286417211917e+18,22.5484313965,11.9175567627,-12.6794281006
1.5439381278879447e+18,36.1933898926,-10.677154541,0.689906537533,1.543938496941102e+18,-67.9104309082,-24.1376647949,15.4931058884,1544027867197184338,145.184585571,24.927154541,63.4239006042,1.5440286419677693e+18,29.9479217529,23.7063064575,-14.6533870697
1.5439381280705708e+18,40.421836853,-10.0551300049,1.41783356667,1.5439384971543114e+18,-78.4092407227,-26.2099761963,16.8256320953,1544027867306252290,154.835540771,30.75365448,66.1460342407,1.544028642168954e+18,37.34740448,35.4950637817,-16.6273460388
1.543938128240307e+18,38.0733795166,-7.81388092041,-1.07527244091,1.5439384973837857e+18,-88.9080657959,-28.2822875977,18.1581573486,1544027867565963358,164.486495972,36.5801620483,68.8681793213,1.5440286424282614e+18,44.7468948364,47.283821106,-18.6013069153
1.5439381284641664e+18,39.6392059326,-6.53631591797,-0.930725693703,1.5439384975952886e+18,-99.4068908691,-30.354598999,19.4906845093,1544027867653791887,174.137451172,42.4066619873,71.5903167725,1.544028642560221e+18,56.4136962891,44.819229126,-10.8671236038
1.543938128668446e+18,41.2050323486,-5.25875854492,-0.78617888689,1.5439384977763896e+18,-74.217086792,-25.2067260742,7.47536182404,1544027867856550961,183.788406372,48.2331695557,74.3124542236,1.5440286427417836e+18,64.924697876,52.8954162598,-11.2311306
1.5439381289789714e+18,42.7708587646,-3.98119354248,-0.641632080078,1.5439384979838164e+18,-76.6499176025,-25.6472015381,6.88419771194,1544027868025127364,193.439361572,54.0596694946,77.0345916748,1.5440286430223926e+18,50.3714981079,53.3524246216,-1.55670464039
1.543938129158222e+18,44.3366851807,-2.70362854004,-0.497085273266,1.5439384981726318e+18,-74.7406463623,-22.6708374023,-4.84619998932,1544027868163510743,-39.9971618652,-61.89793396,40.4037895203,1.5440286432528796e+18,49.4134521484,58.3005447388,-0.200915560126
1.543938129365811e+18,33.1535339355,-5.47087097168,5.48428535461,1.5439384982859372e+18,-75.3650665283,-21.6882629395,-7.19349479675,1544027868317128865,-59.9434814453,-61.8696136475,40.6023597717,1.54402864341334e+18,48.4553985596,63.248664856,1.15487349033
1.5439381295301294e+18,31.8217163086,-5.11262512207,6.4840388298,1.543938498410099e+18,-75.9894866943,-20.7056884766,-9.54078960419,1544027868466238832,-76.6558227539,-62.5325012207,40.9153671265,1.5440286449240876e+18,39.4334640503,51.1962890625,-8.07223892212
1.5439381297217505e+18,30.4898986816,-4.75437927246,7.48379230499,1.5439384985531223e+18,-76.6139221191,-19.7230987549,-11.8880844116,1544027868582583733,-93.3681640625,-63.1953887939,41.2283782959,1.544028645220804e+18,35.8857345581,50.6847686768,-8.48547554016
1.5439381298524393e+18,29.1580963135,-4.39613342285,8.48354530334,1.543938498654706e+18,-76.405670166,-17.0191192627,-11.5054397583,1544027868655309979,-110.080505371,-63.8582611084,41.5413856506,1.5440286453078093e+18,28.1386108398,38.6644744873,-7.49814319611
1.5439381300241754e+18,31.5883331299,-1.22299957275,20.5744915009,1.5439384987725166e+18,-75.0835571289,-14.2057342529,-1.53295779228,1544027868783234024,-126.79284668,-64.5211486816,41.8543968201,1.544028645487269e+18,31.4741516113,40.9756240845,-2.97130775452
1.5439381301717197e+18,24.4527130127,-2.34313964844,10.808722496,1.543938498888433e+18,-74.5772857666,-12.0416717529,-1.5001424551,1544027868840795652,-143.505187988,-65.1840362549,42.1674041748,1.5440286454960586e+18,32.9470825195,42.1074066162,-2.45170998573
1.5439381303197404e+18,20.5382995605,-2.40801239014,11.4532003403,1.5439384990244943e+18,-73.1249694824,-16.5584411621,0.866763591766,1544027868952597898,-160.217529297,-65.8469085693,42.4804153442,1.5440286454963794e+18,32.4368743896,42.690246582,1.77196371555
1.5439381304476692e+18,25.9792938232,-2.75073242188,5.59711122513,1.5439384991584817e+18,-78.1952362061,-21.5081481934,8.81641769409,1544027869012596565,-176.929840088,-66.5097961426,42.793422699,1.5440286455838185e+18,35.519859314,43.0283355713,2.73901581764
1.543938130678507e+18,27.717880249,-7.53047943115,2.56488633156,1.5439384992580493e+18,-78.107711792,-21.7349700928,12.9406642914,1544027869192619860,-193.642181396,-67.1726837158,43.1064338684,1.5440286456826808e+18,39.0657424927,44.8218688965,5.5148935318
1.5439381308262333e+18,24.3243865967,-7.29253387451,-0.0145480614156,1.543938499406213e+18,-79.0824890137,-23.1840820312,15.2820119858,1544027869260664656,-210.354522705,-67.8355712891,43.4194412231,1.544028645758643e+18,44.6423797607,45.8561706543,8.34369945526
1.543938131067339e+18,22.955657959,-8.37265014648,-1.34560036659,1.543938499489398e+18,-85.9967651367,-26.2913818359,2.67090773582,1544027869332179507,-227.066864014,-68.4984436035,43.7324485779,1.544028645839825e+18,50.0066223145,43.9642562866,3.45377802849
1.543938131202629e+18,21.5869293213,-9.45277404785,-2.67665266991,1.5439384996172393e+18,-80.2601776123,-26.304107666,-0.273781180382,1544027869490516580,-243.779205322,-69.1613311768,44.0454597473,1.5440286459402511e+18,54.7626419067,43.5040664673,3.85816478729
1.543938131363071e+18,29.9924316406,-11.5660400391,-3.6443195343,1.5439384997285294e+18,-79.0279388428,-27.3576049805,-1.38301408291,1544027869560375405,-260.491546631,-69.82421875,44.3584671021,1.544028646088094e+18,61.7110824585,36.8753051758,0.225315704942
1.5439381314910252e+18,29.8456268311,-9.22163391113,-4.99850749969,1.543938499887915e+18,-79.1589660645,-30.6140899658,0.104473784566,1544027869625115148,-277.203887939,-70.4870910645,44.6714782715,1.5440286461981796e+18,55.3952178955,34.7341995239,-5.11544418335
1.5439381316582019e+18,29.881362915,-11.5680236816,-6.15245723724,1.5439385000642258e+18,-78.4741668701,-32.5522613525,-0.500984489918,1544027869759626632,-293.916229248,-71.1499786377,44.9844856262,1.5440286463446339e+18,50.3300170898,30.5248184204,-3.71089315414
1.5439381318337034e+18,33.5126037598,-8.86093139648,-4.85801887512,1.543938500176413e+18,-77.722366333,-38.0562744141,-8.0260925293,1544027869829970423,-310.628570557,-71.8128662109,45.2974967957,1.544028646472947e+18,52.4154205322,29.0258636475,-4.14026498795
1.5439381320341962e+18,33.6801147461,-4.90901947021,-9.59574127197,1.5439385001781376e+18,-76.3596801758,-38.7022247314,-4.25333309174,1544027869924841022,-327.340911865,-72.4757537842,45.6105041504,1.5440286465678766e+18,49.5723724365,24.5236053467,-2.6128013134
1.5439381321912486e+18,37.6524429321,-7.12064361572,-8.39197731018,1.5439385002692634e+18,-76.249420166,-40.4912109375,-3.75262713432,1544027870016863077,-344.053222656,-73.1386260986,45.9235153198,1.544028646769535e+18,47.970375061,21.0331497192,-2.88086247444
1.5439381323752123e+18,40.223197937,-7.05054473877,-9.3740606308,1.5439385002707177e+18,-77.1477050781,-39.5762329102,-21.9205780029,1544027870211861194,-360.765563965,-73.8015136719,46.2365226746,1.5440286468722235e+18,46.3683776855,17.5426940918,-3.14892339706
1.5439381325159887e+18,42.7939529419,-6.98043823242,-10.3561439514,1.543938500384504e+18,-80.120880127,-42.2101745605,-14.6848869324,1544027870376154987,-377.477905273,-74.4644012451,46.5495300293,1.544028647000772e+18,44.7663803101,14.0522460938,-3.41698431969
1.5439381327339415e+18,45.3647079468,-6.91033935547,-11.338227272,1.5439385003849393e+18,-80.2944488525,-44.7189025879,-13.7750892639,1544027870525272287,-394.190246582,-75.1272735596,46.8625411987,1.5440286471492644e+18,41.547454834,21.358795166,-4.51109933853
1.5439381328887616e+18,47.9354629517,-6.84023284912,-12.3203105927,1.5439385004834053e+18,-60.5406341553,-18.3026428223,12.683886528,1544027870693337057,-100.257385254,77.5652008057,2.40487551689,1.5440286472736443e+18,39.5148086548,20.7439956665,-4.91862487793
1.5439381330273242e+18,50.5062179565,-6.77013397217,-13.3023948669,1.543938500484391e+18,-82.7417755127,-39.3925476074,7.31042814255,1544027870809808960,-96.9120483398,86.8041229248,0.141102090478,1.544028647420672e+18,37.4821624756,20.129196167,-5.32614994049
1.5439381331625075e+18,30.6738128662,-21.766784668,-6.13996315002,1.5439385006161303e+18,-89.4167480469,-44.1099395752,9.90602779388,1544027870968205700,-93.5667114258,96.0430603027,-2.12267136574,1.5440286475922724e+18,35.4495162964,19.5143966675,-5.73367547989
1.5439381332976356e+18,28.811706543,-24.6779022217,-5.9718914032,1.5439385007030753e+18,-88.5312194824,-53.4848327637,6.69974136353,1544027871018464462,-90.2213745117,105.281990051,-4.38644456863,1.544028647827562e+18,34.3785018921,25.9370574951,-6.06263399124
1.5439381336113626e+18,25.0361022949,-24.4027404785,-4.66395187378,1.5439385007039532e+18,-87.9629364014,-55.0026855469,7.47576522827,1544027871088768669,-86.8760375977,114.520927429,-6.65021800995,1.54402864795308e+18,32.6030883789,27.2047119141,-6.45859479904
1.5439381337694943e+18,22.3667144775,-25.969619751,-4.32269001007,1.543938500793812e+18,-86.4224243164,-58.0957336426,9.37064933777,1544027871230378391,-83.5307006836,123.759857178,-8.91399097443,1.5440286480610627e+18,30.8276672363,28.4723739624,-6.85455560684
1.5439381339746563e+18,11.7930450439,-26.9646148682,-1.83394300938,1.5439385007942303e+18,-82.3166503906,-57.4858856201,7.75304222107,1544027871271806762,-80.1853637695,132.998794556,-11.1777648926,1.5440286481603075e+18,21.4877319336,23.3374862671,6.62675189972
1.5439381341886019e+18,10.362411499,-31.0590820312,-1.71986353397,1.543938500794267e+18,-79.6940612793,-56.3109130859,9.44658088684,1544027871381389222,-76.8400268555,142.237716675,-13.4415378571,1.5440286482599347e+18,17.2541351318,22.524559021,8.35157585144
1.5439381343912008e+18,9.14964294434,-34.2886352539,-0.457479029894,1.5439385008799314e+18,-87.4248504639,-60.3083343506,-0.376705080271,1544027871461997469,-73.4947052002,151.476654053,-15.7053117752,1.5440286483458102e+18,13.0205230713,21.7116317749,10.0763998032
1.5439381345405588e+18,6.78846740723,-37.2810211182,0.271424770355,1.5439385008811779e+18,-89.2825012207,-62.289642334,0.338825196028,1544027871510331575,-70.1493682861,160.715576172,-17.9690856934,1.5440286484270006e+18,8.78692626953,20.8986968994,11.8012247086
1.5439381347517844e+18,4.42729187012,-40.2734069824,1.0003285408,1.5439385009783557e+18,-88.0601043701,-60.8406066895,-1.93640339375,1544027871560273373,-66.8040313721,169.95451355,-20.2328586578,1.5440286485496858e+18,4.55331420898,20.0857696533,13.5260486603
1.5439381348972923e+18,-6.90202331543,-40.3009185791,1.00221800804,1.5439385009783813e+18,-85.7989501953,-60.2958526611,2.30337977409,1544027871612213495,-63.458694458,179.193450928,-22.4966316223,1.5440286486402166e+18,0.319717407227,19.2728424072,15.250872612
1.5439381350390717e+18,-13.292388916,-42.7438201904,1.84946715832,1.5439385010852526e+18,-83.6352233887,-62.0429992676,1.77194857597,1544027871689922987,-60.1133575439,188.432373047,-24.7604045868,1.5440286487728904e+18,-3.91389465332,18.4599151611,16.9756965637
1.5439381352268093e+18,-19.1194000244,-44.9907684326,2.49096274376,1.5439385011978908e+18,-83.0721130371,-64.5782470703,1.90280914307,1544027871733911398,-56.7680358887,197.671310425,-27.0241794586,1.5440286490654446e+18,19.4556427002,13.1941986084,13.0754079819
1.5439381354025948e+18,-9.65815734863,-48.4198150635,1.15869247913,1.5439385011979433e+18,-83.5378723145,-66.1257019043,1.00425636768,1544027871821322671,-53.4226989746,206.910247803,-29.2879524231,1.5440286492551232e+18,8.02976989746,8.62363433838,8.57982826233
1.5439381355351388e+18,-11.2451477051,-46.5675506592,1.50808942318,1.54393850149927e+18,-85.1081237793,-69.2214660645,2.0720448494,1544027871924476861,-50.0773620605,216.149169922,-31.5517253876,1.5440286494197816e+18,7.44483947754,7.96431732178,-1.60577321053
1.5439381356581202e+18,-11.8785247803,-46.9805603027,1.79507017136,1.543938501500071e+18,-84.3026580811,-70.3869628906,2.23866963387,1544027872017649476,-46.7320251465,225.3881073,-33.8154983521,1.5440286495743688e+18,4.25088500977,6.10971069336,-3.10928034782
1.543938135890393e+18,-13.1462402344,-43.7412719727,3.89154529572,1.5439385015938286e+18,-84.2173614502,-72.1426544189,2.30101847649,1544027872089149785,-43.3866882324,234.627044678,-36.0792732239,1.5440286496911314e+18,1.05694580078,4.25509643555,-4.6127872467
1.543938136017626e+18,-14.0343475342,-42.6876831055,4.52582740784,1.5439385017320643e+18,-81.6490325928,-66.7096405029,0.531353533268,1544027872134008336,-40.0413513184,243.865966797,-38.343044281,1.544028649853345e+18,6.27200317383,10.6588745117,-3.70037174225
1.5439381362140163e+18,-7.91647338867,-47.4606781006,6.98129653931,1.5439385018575084e+18,-74.3768615723,-60.4181518555,-1.99013805389,1544027872175625209,-36.6960296631,253.104904175,-40.6068191528,1.5440286501079772e+18,11.2723693848,8.56161499023,-1.68763554096
1.5439381364157263e+18,-1.92953491211,-50.469619751,7.32839488983,1.5439385018590666e+18,-71.4777832031,-58.6145019531,5.83460521698,1544027872247258479,-33.350692749,262.343841553,-42.8705940247,1.544028650111745e+18,11.2717132568,7.8013458252,-2.65159630775
1.5439381364162819e+18,0.228607177734,-51.1567993164,6.67575979233,1.5439385019991137e+18,-73.8084259033,-57.1066436768,3.69591164589,1544027872323941038,-30.005355835,271.582763672,-45.1343650818,1.5440286502090934e+18,12.3665466309,7.07489776611,-3.22833752632
1.5439381365717665e+18,0.55859375,-50.8193511963,7.18275594711,1.543938502060795e+18,-71.1084289551,-55.0435333252,1.01877510548,1544027872434437846,-26.6600189209,280.821716309,-47.3981399536,1.5440286503480627e+18,13.9093780518,5.34423828125,-1.09703660011
1.543938136864815e+18,-0.220947265625,-53.3359680176,6.66588640213,1.5439385021788838e+18,-69.2183990479,-48.03515625,-1.93501222134,1544027872612269981,-23.3146820068,290.060638428,-49.6619110107,1.5440286504623826e+18,9.26873779297,6.03519439697,0.0399902760983
1.5439381370188078e+18,0.174865722656,-54.8723754883,6.98681306839,1.5439385021794516e+18,-68.2428894043,-46.9230804443,-3.53957390785,1544027872781847233,-19.9693450928,299.299560547,-51.9256858826,1.5440286505393467e+18,7.55989074707,5.82432556152,0.230687171221
1.543938137144023e+18,0.570678710938,-56.408782959,7.30773925781,1.5439385022678784e+18,-65.0982055664,-48.3788604736,-4.70314788818,1544027873115278854,-16.6240234375,308.538513184,-54.1894607544,1.544028650712518e+18,5.85105895996,5.61344909668,0.421384066343
1.5439381373966116e+18,0.966491699219,-57.9452056885,7.62866544724,1.5439385022682565e+18,-63.2819824219,-48.045501709,-3.81844520569,1544027873332493577,-13.2786865234,317.777435303,-56.4532318115,1.5440286508449114e+18,4.14222717285,5.40257263184,0.612080991268
1.5439381375590774e+18,10.599105835,-59.6260070801,3.80046629906,1.5439385023716116e+18,-65.7152557373,-45.0107116699,-2.81377124786,1544027873476498503,-9.93334960938,327.016357422,-58.7170066833,1.5440286509643133e+18,10.8366546631,5.06655883789,0.00958803016692
1.5439381377197734e+18,10.6227416992,-58.7030639648,1.40679001808,1.5439385024791514e+18,-64.2586669922,-40.9641876221,-2.7542989254,1544027873696531271,-6.58801269531,336.255310059,-60.9807777405,1.5440286509654205e+18,10.6965942383,5.76846313477,1.07234549522
1.5439381378719675e+18,11.9877166748,-58.9630737305,0.678863167763,1.5439385024812943e+18,-62.6495819092,-40.1961364746,-1.79700350761,1544027873898925506,-3.24267578125,345.494232178,-63.2445526123,1.5440286510541358e+18,15.9120025635,-6.12693023682,-10.6920366287
1.5439381381023004e+18,14.5151062012,-57.7202453613,-0.193350464106,1.5439385025675722e+18,-73.1245880127,-37.1619262695,-3.6953625679,1544027874032552267,113.188308716,-84.9237060547,-38.0545463562,1.544028651175597e+18,11.4153747559,1.14068603516,-6.90756702423
1.5439381383646973e+18,13.3183288574,-57.3388366699,0.508875072002,1.543938502646326e+18,-71.2684783936,-32.1796722412,-3.18263959885,1544027874140935166,121.479156494,-94.9120178223,-39.1579170227,1.5440286512860933e+18,4.86557006836,5.98532104492,0.960124909878
1.5439381385512497e+18,12.8779602051,-54.5088348389,-1.54302895069,1.543938502648098e+18,-68.6179962158,-31.2447509766,-1.38827168941,1544027874282033338,129.769989014,-104.900314331,-40.2612915039,1.5440286513925187e+18,6.45924377441,7.22679138184,2.11591863632
1.543938138707557e+18,18.4283599854,-57.3281097412,-1.69946968555,1.5439385027368276e+18,-71.6304168701,-31.9113464355,-0.408781141043,1544027874321816932,138.060821533,-114.88861084,-41.3646621704,1.5440286515216148e+18,3.67485046387,4.60430145264,3.27857875824
1.5439381388946317e+18,21.2501525879,-57.9851837158,-2.35967445374,1.5439385027375124e+18,-71.0776824951,-31.9789886475,-2.38948249817,1544027874365640758,146.351669312,-124.876922607,-42.4680366516,1.5440286516914918e+18,2.00267028809,6.54935455322,2.70149040222
1.543938139179765e+18,13.6517944336,-52.1941375732,-2.82845044136,1.5439385028316198e+18,-69.6762542725,-28.9485321045,-0.943939626217,1544027874421123020,154.642501831,-134.865219116,-43.5714073181,1.5440286516915533e+18,2.95455932617,7.34871673584,2.10920000076
1.5439381393739845e+18,13.879486084,-49.2736816406,-2.05118131638,1.5439385029214467e+18,-67.9682312012,-27.4468536377,0.754742741585,1544027874496814230,162.933334351,-144.853515625,-44.6747817993,1.5440286517910636e+18,2.56700134277,8.1604385376,2.52648425102
1.543938139588511e+18,15.1140136719,-47.0475921631,-3.61509799957,1.5439385030397586e+18,-68.512802124,-21.7328796387,1.02214276791,1544027874540904435,171.22416687,-154.841827393,-45.7781524658,1.5440286519755036e+18,-4.59101867676,10.9511184692,2.95969676971
1.5439381397507986e+18,12.5996856689,-45.0534057617,-5.98693990707,1.5439385031183086e+18,-67.6487426758,-23.2002716064,1.04783141613,1544027874604180446,179.515014648,-164.830108643,-46.881526947,1.5440286521342822e+18,-4.03921508789,12.8517608643,-2.02480769157
1.5439381397513859e+18,12.7122192383,-44.7707366943,-2.45966482162,1.543938503224175e+18,-71.4326629639,-16.273651123,-1.47765636444,1544027874679105560,187.805847168,-174.81842041,-47.9848976135,1.5440286522149317e+18,0.357971191406,17.3910293579,1.68187522888
1.5439381398668616e+18,9.75880432129,-42.8365325928,-2.22642946243,1.543938503228954e+18,-72.9273681641,-15.0101470947,-2.57403802872,1544027874725444759,196.096679688,-184.806732178,-49.0882720947,1.5440286522149788e+18,0.921035766602,17.7493438721,2.06274318695
1.5439381398685624e+18,9.83724975586,-42.678024292,0.00968793872744,1.5439385033276966e+18,-70.4790039062,-14.9757232666,-8.42961978912,1544027874785732723,204.387512207,-194.795013428,-50.1916427612,1.5440286523344422e+18,-3.43165588379,16.5010299683,1.5905970335
1.5439381400449603e+18,9.02519226074,-41.8314361572,0.525592625141,1.5439385033282775e+18,-67.9269561768,-14.9913482666,2.61335921288,1544027874844935336,212.678359985,-204.783325195,-51.2950172424,1.5440286524392663e+18,-5.13256835938,16.7024307251,1.69372415543
1.5439381402331412e+18,11.0369567871,-42.8293914795,-2.72176122665,1.5439385034330693e+18,-70.1215057373,-12.1153869629,0.0470743961632,1544027874964948338,220.969192505,-214.771636963,-52.3983879089,1.5440286525503542e+18,-9.92292785645,21.9475860596,-3.72006392479
1.5439381406689108e+18,14.1659088135,-44.6583251953,-2.07015156746,1.5439385035380495e+18,-67.5344848633,-11.1860198975,-4.66994953156,1544027875029412493,229.260040283,-224.759918213,-53.5017623901,1.5440286526296374e+18,-1.86566162109,21.020401001,-1.86457443237
1.543938140820459e+18,20.2492370605,-44.6874847412,-4.19719362259,1.5439385035389445e+18,-64.7540435791,-10.4076690674,-3.75605583191,1544027875089961836,237.550872803,-234.74822998,-54.6051330566,1.5440286527311183e+18,-2.72131347656,20.3263244629,0.25323587656
1.5439381410656292e+18,14.2560272217,-40.7715911865,-8.56482505798,1.543938503636815e+18,-69.7635955811,-9.38328552246,1.56953346729,1544027875149534122,245.841705322,-244.73651123,-55.7085075378,1.5440286528435884e+18,-0.684005737305,22.7201004028,-1.28384852409
1.543938141224195e+18,15.9612731934,-40.8165130615,-5.65675783157,1.5439385036374374e+18,-70.4179534912,-10.212677002,4.715695858,1544027875222080990,254.132537842,-254.724822998,-56.8118782043,1.5440286529219776e+18,-2.13241577148,21.1389923096,-2.08108401299
1.5439381414710766e+18,19.861618042,-42.7050476074,-16.9226856232,1.543938503759206e+18,-68.1346435547,-9.48257446289,3.53224182129,1544027875288808223,262.423370361,-264.713134766,-57.9152526855,1.5440286530691686e+18,3.83711242676,19.6313705444,1.75244522095
1.5439381416467564e+18,22.0177459717,-43.2585144043,-19.6506061554,1.5439385037594568e+18,-65.3715515137,-8.38354492188,2.43766093254,1544027875349457442,270.714233398,-274.701416016,-59.0186233521,1.5440286530692257e+18,4.37991333008,19.6906051636,1.8252068758
1.5439381417967127e+18,16.7172393799,-38.1203308105,-9.40725326538,1.5439385039039468e+18,-70.2770996094,-5.84869384766,1.29971885681,1544027875434527386,279.005065918,-284.689727783,-60.1219978333,1.5440286531863913e+18,0.531524658203,20.696685791,1.10616493225
1.5439381419751124e+18,15.8924865723,-36.3984832764,-9.50957775116,1.5439385039860114e+18,-69.1449737549,-6.91286468506,0.867101848125,1544027875458504186,287.295898438,-294.678039551,-61.2253684998,1.5440286531871626e+18,-1.33779907227,21.7441711426,2.29232001305
1.5439381420883302e+18,15.0677490234,-34.676651001,-9.61190223694,1.5439385039869796e+18,-69.7016448975,-7.8807144165,1.2733130455,1544027875533535052,295.586730957,-304.666320801,-62.328742981,1.5440286532876076e+18,-2.90115356445,26.028175354,-3.52622056007
1.543938142197798e+18,13.9461364746,-32.9987335205,-8.91604614258,1.5439385039877248e+18,-68.6591339111,-8.51557922363,-2.30319809914,1544027875617677605,303.877563477,-314.654632568,-63.4321136475,1.5440286532892529e+18,-4.07821655273,27.110824585,-3.00419163704
1.543938142198427e+18,12.4496154785,-32.7767181396,-5.45032119751,1.5439385040627008e+18,-65.8661956787,-3.28485107422,-2.28983783722,1544027875741759797,121.757141113,-89.9571380615,-50.52917099,1.5440286533741614e+18,-4.88638305664,26.6829833984,-6.90512752533
1.543938142330902e+18,9.15010070801,-27.9103546143,2.06187009811,1.5439385040643474e+18,-66.6255340576,-1.94778442383,-6.40255403519,1544027875803070318,120.221557617,-87.8341827393,-50.9297637939,1.5440286533748163e+18,-5.03434753418,27.2824783325,-8.23571491241
1.543938142564198e+18,10.795211792,-28.1675720215,3.15062499046,1.5439385041423186e+18,-66.6594696045,-1.32959747314,-1.17566287518,1544027875853654252,118.68598175,-85.7112121582,-51.3303604126,1.5440286534649367e+18,3.29312133789,26.7465744019,-8.87310409546
1.5439381427437407e+18,14.4676818848,-31.6093139648,5.33697652817,1.5439385041432223e+18,-65.2454681396,-1.77335357666,-0.438139975071,1544027875938397648,117.150398254,-83.5882568359,-51.7309532166,1.5440286534658532e+18,4.11585998535,27.2582931519,-5.50167512894
1.543938142851587e+18,15.4736633301,-31.7069091797,7.45006656647,1.5439385042728888e+18,-65.261428833,-3.47330474854,-2.35546183586,1544027876041627507,115.614814758,-81.4652862549,-52.1315498352,1.5440286534711217e+18,5.40432739258,27.048324585,-3.27434825897
1.5439381430101821e+18,16.8461761475,-32.3060302734,9.35941982269,1.543938504342367e+18,-61.5779418945,-0.363777160645,-1.49144244194,1544027876225486446,64.6822662354,-9.59523010254,32.0264549255,1.5440286535420303e+18,0.453582763672,25.7363815308,-1.48406672478
1.5439381431989225e+18,20.6375732422,-32.2932891846,8.7665681839,1.5439385043424192e+18,-60.2394104004,0.15510559082,-3.19098734856,1544027876420327102,52.6686782837,7.32237243652,43.8114776611,1.5440286536407767e+18,-0.695159912109,24.4907836914,-0.213781446218
1.5439381433073556e+18,27.1417694092,-36.1832427979,8.2286567688,1.543938504462843e+18,-61.5559692383,1.20990753174,2.06390309334,1544027876539640009,40.655090332,24.2399749756,55.5965003967,1.5440286537271232e+18,0.159652709961,22.4516830444,-2.73195028305
1.5439381434064156e+18,31.581741333,-38.3208618164,9.23786640167,1.543938504559765e+18,-58.227645874,0.585807800293,1.4581040144,1544027876656154746,12.1521759033,38.9795227051,4.8072385788,1.5440286537288773e+18,-0.443084716797,22.033782959,-3.10176801682
1.5439381435208228e+18,16.2263031006,-32.3649749756,7.77453756332,1.5439385045602565e+18,-55.5799713135,-0.369071960449,1.97209358215,1544027876803460851,-5.25086975098,55.1852416992,6.56612920761,1.5440286537289103e+18,-0.0256195068359,22.722366333,-6.21216726303
1.5439381435214446e+18,15.5488586426,-31.4324951172,3.37353658676,1.5439385046586724e+18,-55.3143920898,2.56114196777,0.100514702499,1544027877087239637,-22.6539154053,71.3909606934,8.32501983643,1.5440286537976573e+18,1.7566986084,24.2478790283,-4.05284166336
1.5439381436257254e+18,15.9641265869,-27.3373260498,4.20281410217,1.5439385047911383e+18,-54.4356384277,2.92155456543,0.741277515888,1544027877226023689,-40.0569610596,87.5966796875,10.0839099884,1.544028653798414e+18,1.00239562988,24.5566329956,-7.72102165222
1.5439381437482819e+18,15.1790008545,-24.7207489014,4.02658605576,1.543938504908457e+18,-50.4348449707,3.52831268311,10.98898983,1544027877298156800,-57.4600067139,103.802398682,11.8428001404,1.54402865391694e+18,1.06184387207,25.0704727173,-8.57288551331
1.543938143892934e+18,22.5178833008,-32.0308074951,3.34735655785,1.5439385050696448e+18,-48.1291351318,2.9806060791,9.01991176605,1544027877440251280,-74.863067627,120.008110046,13.6016902924,1.5440286540200466e+18,-3.8132019043,23.3042755127,-13.3242950439
1.5439381440521994e+18,15.1620178223,-30.8925170898,3.49864411354,1.5439385050699205e+18,-49.2243499756,1.9369430542,9.18513774872,1544027877540665594,-22.5016937256,58.6187171936,-16.9468021393,1.5440286540222682e+18,-3.11268615723,22.90234375,-8.86417770386
1.543938144166616e+18,12.6740264893,-30.9901428223,3.30764889717,1.5439385051605827e+18,-45.466506958,-1.48511505127,7.38527917862,1544027877672082736,-26.12940979,59.5029029846,-19.3809242249,1.5440286541008845e+18,0.135940551758,22.552947998,-5.80566453934
1.5439381442773548e+18,20.5082397461,-34.9468383789,3.71897125244,1.5439385051612803e+18,-46.3678131104,-2.01023101807,8.16711902618,1544027877861652808,-29.7571411133,60.3870887756,-21.8150482178,1.5440286541816492e+18,-6.86763000488,21.147277832,-3.46056866646
1.5439381443740987e+18,12.5594482422,-33.5430755615,3.64010667801,1.5439385052732887e+18,-49.4850158691,-3.42002105713,3.15678405762,1544027878042156777,-33.3848571777,61.2712745667,-24.2491703033,1.5440286542767885e+18,-6.97299194336,24.6277694702,-0.986582398415
1.5439381443747023e+18,11.819152832,-33.2142181396,2.44706201553,1.5439385054158958e+18,-50.7831115723,-4.74917602539,2.51728701591,1544027878180289235,-37.012588501,62.1554603577,-26.6832942963,1.5440286542777272e+18,-5.37672424316,26.082901001,0.430794894695
1.5439381444630543e+18,11.6925201416,-33.2199554443,1.45192348957,1.5439385055521203e+18,-55.0735778809,-0.178184509277,5.68279504776,1544027878347167277,-40.6403198242,63.0396461487,-29.1174163818,1.5440286543474936e+18,-8.58673095703,26.1563339233,1.58077013493
1.5439381444635436e+18,13.6070098877,-33.3679199219,2.44554376602,1.543938505644168e+18,-54.1047363281,-4.18087768555,4.04624462128,1544027878547217850,-44.2680358887,63.9238319397,-31.5515384674,1.5440286543483932e+18,-10.7933502197,26.0646209717,2.28487467766
1.5439381445381463e+18,17.0554046631,-35.6941070557,3.15418195724,1.5439385056451133e+18,-53.951965332,-7.44554901123,1.68295156956,1544027878818737440,-12.9902191162,46.821182251,-22.0682220459,1.54402865442574e+18,-12.4553375244,26.3111877441,5.60713911057
1.5439381446296253e+18,13.5270385742,-34.7972259521,0.644389569759,1.5439385061982566e+18,-48.4115600586,-16.9316101074,-0.509594261646,1544027878946847238,-10.6221923828,44.6157531738,-23.1122360229,1.5440286544267075e+18,-14.2586212158,26.383682251,4.65110015869
1.5439381447567785e+18,16.7631530762,-36.8022918701,-0.507850408554,1.5439385063001042e+18,-50.4889373779,-18.7619628906,-1.87903404236,1544027879101712380,-8.25416564941,42.4103317261,-24.15625,1.5440286544272594e+18,-17.967956543,25.0700302124,4.58761787415
1.5439381448622003e+18,18.0203399658,-37.8963775635,-1.15622329712,1.5439385063021023e+18,-53.8442993164,-18.0144348145,-3.13491106033,1544027879185499303,-5.88613891602,40.2049026489,-25.2002639771,1.5440286544958853e+18,-13.4162597656,23.5420532227,4.44298219681
1.5439381449743852e+18,20.4115905762,-35.3651275635,-0.76930898428,1.5439385064328056e+18,-48.2518310547,-17.7594604492,0.707132577896,1544027879436301020,-3.51812744141,37.9994812012,-26.2442760468,1.5440286544962202e+18,-11.0786590576,24.475944519,1.31821644306
1.54393814510786e+18,15.4410095215,-34.206817627,-0.384935051203,1.5439385065434401e+18,-40.4487915039,-18.2942199707,-0.436436146498,1544027879698698089,-1.15010070801,35.794052124,-27.2882900238,1.5440286545746785e+18,-16.1972045898,23.3855819702,1.60379683971
1.5439381452793126e+18,17.183303833,-35.445602417,-2.86556506157,1.5439385066343928e+18,-50.895690918,-17.2016906738,0.716113567352,1544027880319495471,1.21792602539,33.5886230469,-28.3323040009,1.5440286546639939e+18,-14.6026306152,26.4923324585,2.38475131989
1.5439381454044577e+18,19.9404296875,-37.1176300049,-3.88019680977,1.5439385067432356e+18,-56.4027709961,-17.4841766357,0.614227235317,1544027880403819236,-11.7776031494,72.6594085693,-10.0540885925,1.5440286546640317e+18,-13.2757873535,27.4219665527,2.30021572113
1.5439381455209708e+18,14.1019287109,-34.3580169678,0.17149092257,1.543938506874329e+18,-53.1411437988,-23.9054718018,-3.08343958855,1544027880525590974,-12.4667053223,74.5557861328,-10.9719820023,1.5440286547336097e+18,-11.1687316895,25.9826660156,2.29873299599
1.543938145522181e+18,13.7403717041,-33.4721679688,0.794186353683,1.5439385068756104e+18,-50.1114349365,-24.6139831543,5.68828630447,1544027880646679118,-3.22283935547,73.3318023682,-10.4621305466,1.5440286547342354e+18,-12.197479248,25.3407058716,1.78704941273
1.5439381456603297e+18,16.1651916504,-36.2006988525,2.04847478867,1.5439385070089185e+18,-44.432800293,-20.4550476074,4.49661779404,1544027880882652973,1.65272521973,74.0539245605,-9.61090373993,1.5440286547398313e+18,-13.8069915771,26.1307525635,0.322286605835
1.5439381457616102e+18,12.9305419922,-33.941192627,1.53378164768,1.5439385071780198e+18,-40.8521881104,-19.277130127,5.23493862152,1544027883042629167,6.52828979492,74.7760620117,-8.75967788696,1.5440286548117243e+18,-17.681640625,24.2018508911,0.321133315563
1.5439381457623452e+18,13.6054992676,-33.7024078369,2.55114722252,1.5439385073114132e+18,-39.3430175781,-20.4083404541,-1.01898789406,1544027883294116312,11.4038543701,75.4981842041,-7.90845108032,1.544028654813222e+18,-19.6778106689,23.7084884644,3.30842399597
1.5439381458893624e+18,13.2894592285,-33.2422180176,3.00469350815,1.543938507446872e+18,-36.5904846191,-20.1535186768,-1.69325304031,1544027883463957943,16.2794189453,76.2203063965,-7.05722427368,1.5440286548137065e+18,-20.8514099121,23.1592788696,1.46701002121
1.5439381460264525e+18,14.4362640381,-32.0439758301,1.94880449772,1.54393850758117e+18,-32.9398956299,-17.3803863525,0.0540774576366,1544027883817683306,21.1549835205,76.9424362183,-6.20599794388,1.5440286549530975e+18,-18.2908630371,25.6625518799,3.55312228203
1.5439381461251308e+18,8.36663818359,-30.3592681885,0.118172541261,1.5439385076950684e+18,-35.326675415,-16.2385864258,5.62518644333,1544027883995260103,26.0305480957,77.66456604,-5.35477161407,1.5440286549544476e+18,-16.2910308838,26.8731307983,2.87714576721
1.543938146253166e+18,9.73748779297,-29.3168792725,2.02901506424,1.5439385078053834e+18,-32.4861755371,-14.096206665,6.12361621857,1544027884577134237,30.9061126709,78.3866882324,-4.50354480743,1.5440286550203574e+18,-17.6588897705,24.8773651123,-4.79029655457
1.543938146388645e+18,5.84573364258,-31.9822387695,1.14333343506,1.543938507926683e+18,-28.2443084717,-19.7086486816,6.159927845,1544027884677288713,-33.6660003662,62.3348503113,-10.1430692673,1.5440286550211018e+18,-19.9211730957,24.0803604126,-2.60385847092
1.543938146512067e+18,3.62254333496,-30.5879211426,2.16528439522,1.5439385079267233e+18,-26.9075164795,-22.7783050537,3.86762571335,1544027884753454222,-35.4589996338,63.0093231201,-9.72815608978,1.544028655021861e+18,-18.9801635742,24.7960205078,-1.67814743519
1.5439381466738578e+18,0.0148773193359,-26.4020690918,1.25975286961,1.5439385080505467e+18,-21.8151397705,-17.0399017334,2.66704177856,1544027884843690498,-38.9199829102,62.6556892395,-9.61009693146,1.5440286550977329e+18,-18.9808502197,25.3147888184,0.0630854517221
1.54393814667422e+18,0.156112670898,-25.8104248047,7.12652158737,1.5439385081423532e+18,-25.3929901123,-11.4611968994,1.79368114471,1544027884949691567,-37.1122741699,50.0194854736,-10.8005104065,1.5440286552162586e+18,-15.7128143311,23.1640014648,2.56687545776
1.5439381468300762e+18,2.26025390625,-30.4267120361,4.37271928787,1.5439385082727178e+18,-25.4532928467,-7.77444458008,1.4194214344,1544027884950489497,-38.4557342529,48.7422943115,-11.0358123779,1.544028655217666e+18,-16.5231323242,22.9256210327,1.26741886139
1.5439381470426957e+18,-6.2142791748,-29.7802886963,3.17718243599,1.543938508369895e+18,-22.4922027588,-12.6398468018,2.25203585625,1544027885048377645,-50.5362701416,51.5044250488,-11.2433958054,1.5440286552177505e+18,-15.3895111084,22.7062759399,0.768214821815
1.5439381471950648e+18,-5.7359161377,-28.1449279785,0.0864762440324,1.5439385083713623e+18,-22.1682891846,-14.6114654541,-0.0295120291412,1544027885139545811,-63.6405792236,57.1767082214,-13.6584405899,1.5440286553048566e+18,-11.8070526123,27.0895767212,0.60232001543
1.5439381473826158e+18,-6.69602966309,-22.0884399414,0.0381456650794,1.5439385085276163e+18,-21.8331298828,-7.37435913086,2.09791994095,1544027885224447293,-71.6804962158,53.4711227417,-13.8933038712,1.5440286553058273e+18,-14.4922332764,27.1239242554,-1.00869858265
1.5439381473834414e+18,-5.88838195801,-20.756652832,-0.770356357098,1.5439385086385144e+18,-21.5765991211,-5.12299346924,8.24154949188,1544027885226505492,-74.3362579346,51.7232131958,-12.0952920914,1.5440286553743626e+18,-15.4411010742,25.4617004395,-0.187006950378
1.5439381474959913e+18,-12.3408050537,-18.4501342773,-0.582354128361,1.5439385088222676e+18,-21.175994873,-8.79417419434,7.39183950424,1544027885359458326,-70.9238739014,47.4620437622,-10.6856040955,1.5440286553763136e+18,-16.9481811523,25.0084838867,0.407505273819
1.5439381476854597e+18,-15.7736358643,-16.1273498535,-0.995705187321,1.543938508963807e+18,-20.7819213867,-9.33018493652,8.20861434937,1544027885442499820,-76.213684082,41.1222686768,-11.9796276093,1.544028655376418e+18,-15.733505249,24.9843597412,1.26561057568
1.543938147798583e+18,-15.7714996338,-15.6511993408,-4.39081573486,1.5439385090961592e+18,-18.7232666016,-11.7570037842,2.83034300804,1544027885557743329,-80.4132385254,34.825958252,-11.7410554886,1.5440286554783785e+18,-14.2391204834,26.1326217651,2.57084679604
1.543938147800664e+18,-14.6817321777,-16.1093292236,-3.63222980499,1.5439385092145876e+18,-17.0921478271,-11.9284515381,0.159594774246,1544027885633782961,-85.6739501953,31.8951721191,-11.6939754486,1.5440286554791974e+18,-13.6889343262,27.2995681763,3.1887485981
1.5439381479651126e+18,-13.0311584473,-12.6851806641,1.87145650387,1.5439385092146258e+18,-18.9303588867,-11.8929595947,-0.468202620745,1544027885634770435,-87.4238586426,32.5005340576,-8.7337770462,1.544028655566444e+18,-9.44850158691,28.0925369263,2.35716867447
1.5439381480500155e+18,-10.0711669922,-11.298538208,1.96666932106,1.5439385094020142e+18,-11.6160888672,-12.9067993164,-1.90373873711,1544027885716248779,-86.5295562744,27.1481399536,-8.87244796753,1.544028655567787e+18,-10.0023498535,27.4933395386,-0.387821555138
1.5439381482039662e+18,-11.791229248,-7.14269256592,1.94971227646,1.543938509509936e+18,-15.1094970703,-9.12802124023,-3.89611721039,1544027885842736384,-87.575592041,23.5650787354,-8.39277839661,1.5440286556424543e+18,-11.2592926025,28.6712188721,-3.78073358536
1.5439381482051738e+18,-11.3833618164,-7.1110458374,1.47472429276,1.5439385095106947e+18,-13.9725799561,-7.65883636475,-2.28773355484,1544027885952799644,-92.2115478516,10.2786026001,-8.99664497375,1.544028655727225e+18,-8.68223571777,30.0665435791,-5.33968782425
1.5439381483134705e+18,-12.6431427002,-9.44424438477,2.15146660805,1.543938509619609e+18,-20.5674285889,-4.5555267334,-4.63445234299,1544027886068220572,-94.4838104248,7.6993637085,-8.50199508667,1.54402865581918e+18,-6.41423034668,30.7184753418,-3.72815060616
1.54393814831573e+18,-12.2677612305,-11.1152801514,5.99986028671,1.5439385097524252e+18,-23.6784820557,-2.21376800537,-5.59398841858,1544027886257408721,-103.056854248,3.95167541504,-7.86373996735,1.5440286558204636e+18,-7.75428771973,30.3130111694,-2.00021886826
1.5439381483175114e+18,-9.80308532715,-12.5476531982,0.462577939034,1.5439385098871967e+18,-22.6691741943,3.19947052002,-5.92345333099,1544027886395683806,-107.090454102,-6.23948669434,-7.90096712112,1.5440286559074655e+18,-9.40744018555,29.802230835,-10.2535943985
1.5439381484499052e+18,-10.7067871094,-10.6997833252,0.461055219173,1.5439385100043607e+18,-23.821762085,8.74587249756,-8.60464954376,1544027886523523350,-109.898345947,-10.5873565674,-5.64250850677,1.5440286559958973e+18,-5.95066833496,31.8375015259,-13.8983049393
1.54393814857763e+18,-9.0355682373,-11.0637664795,1.61618554592,1.5439385100054113e+18,-23.2190093994,8.80331420898,-8.39091014862,1544027886528272842,-109.0730896,-11.0501098633,-7.63014221191,1.5440286559976632e+18,-6.85508728027,32.8862457275,-9.22692871094
1.543938148579607e+18,-10.3184356689,-10.6779327393,1.00782763958,1.5439385101419804e+18,-25.2066650391,17.5456771851,-4.68694210052,1544027886672634150,-110.252380371,-11.3684539795,-9.06959342957,1.5440286560545539e+18,-5.40898132324,30.7634735107,-6.45301437378
1.5439381486869827e+18,-8.53804016113,-10.4000396729,-0.785564363003,1.5439385102444818e+18,-26.3845214844,23.1317977905,-4.6434969902,1544027886817082251,-110.007049561,-14.5556945801,-6.79295396805,1.5440286561376215e+18,1.42031860352,29.6738815308,-1.10115456581
1.5439381488208374e+18,-5.17846679688,-10.0689697266,-0.487617880106,1.5439385103776553e+18,-25.6337127686,26.6268463135,-5.0055270195,1544027886817752720,-110.563598633,-15.5840606689,-8.14610958099,1.5440286561384072e+18,4.23352050781,29.7674026489,0.835938751698
1.5439381489453056e+18,-4.7470703125,-9.84973144531,-0.100340142846,1.5439385104668362e+18,-30.5531616211,30.2522888184,2.67224287987,1544027887169213629,-112.011566162,-19.5721282959,-10.3156862259,1.544028656216036e+18,1.80990600586,27.977394104,2.44517064095
1.5439381489461368e+18,-3.71513366699,-10.256072998,3.47785758972,1.5439385104678106e+18,-30.3678894043,30.3318481445,-1.20037078857,1544027887309232159,-112.451690674,-27.5805969238,-7.87663841248,1.5440286562968323e+18,-1.80923461914,30.7667388916,3.92285490036
1.5439381491431311e+18,3.73826599121,-15.2652587891,1.08522045612,1.543938510594032e+18,-27.1827545166,33.8348083496,-0.796895027161,1544027887310107007,-111.526977539,-29.7164001465,-9.41724586487,1.544028656297501e+18,-4.59527587891,31.0160064697,-3.32282114029
1.543938149144397e+18,7.29479980469,-16.2787017822,-0.402016937733,1.5439385107281874e+18,-25.8356323242,38.8325881958,-2.091329813,1544027887454466898,-110.574798584,-29.4240722656,-7.90945386887,1.5440286563742085e+18,0.909484863281,28.6061630249,-0.471497446299
1.5439381492383432e+18,11.6923675537,-14.4479827881,2.21114826202,1.5439385108669537e+18,-24.626373291,42.7625732422,-2.04437541962,1544027887516684892,-110.2421875,-32.4380645752,-3.47419285774,1.5440286564597635e+18,-1.81527709961,29.6019821167,-2.32424521446
1.5439381493801964e+18,10.254196167,-11.1487579346,0.792001903057,1.5439385109708221e+18,-18.1148071289,44.5165786743,-2.98351311684,1544027887517415904,-109.473754883,-33.6086883545,-4.00518369675,1.5440286564611187e+18,-3.89210510254,29.8188323975,0.0323902070522
1.5439381493809216e+18,10.8516235352,-11.0915527344,-0.493457615376,1.543938510971646e+18,-19.1622467041,43.8111724854,-6.58573818207,1544027887714739391,-111.652893066,-38.9562225342,-2.94041657448,1.5440286565407777e+18,-4.71722412109,30.5961608887,2.10218596458
1.5439381495063337e+18,13.266784668,-7.64346313477,-3.50598835945,1.5439385111137787e+18,-23.1384887695,45.8855819702,-6.61117219925,1544027887832876488,-112.476226807,-42.5555877686,-2.14057016373,1.5440286565417398e+18,-3.59449768066,31.4146347046,3.15181231499
1.5439381495078633e+18,15.60546875,-8.47953796387,-3.17251014709,1.5439385112298478e+18,-21.0994567871,43.6500778198,-7.39693689346,1544027887956848928,-109.124847412,-42.9397125244,-4.90740203857,1.5440286566440714e+18,0.935501098633,28.8202514648,4.52438545227
1.5439381496511654e+18,17.631729126,-7.84176635742,-3.81176447868,1.5439385113345562e+18,-19.2190093994,47.0050964355,-7.52966403961,1544027887957902112,-107.15612793,-43.0452423096,-5.36507987976,1.5440286567316887e+18,-6.29954528809,30.7568283081,5.19212007523
1.5439381497594025e+18,29.4053192139,-8.9270324707,-1.97376990318,1.543938511474986e+18,-19.2922363281,45.9052429199,-6.02190065384,1544027890218881378,-114.848602295,-47.767074585,-6.27203941345,1.544028656838097e+18,-4.86378479004,29.3450622559,2.8406291008
1.5439381498777224e+18,32.265045166,-6.52544403076,-0.314979255199,1.543938511476442e+18,-18.7699890137,44.1284255981,-4.77496051788,1544027890530710321,-118.160705566,-50.7945556641,-6.47813892365,1.5440286569258017e+18,-9.45703125,32.0459289551,2.89221382141
1.5439381500229028e+18,27.7438049316,-0.87899017334,-1.36961042881,1.5439385116043098e+18,-7.46440124512,41.9619598389,-3.67306542397,1544027890812668120,-121.472808838,-53.822052002,-6.68423843384,1.5440286569269688e+18,-12.7714385986,32.8358078003,-6.57681274414
1.5439381501318702e+18,34.27003479,-2.26020812988,-1.30881345272,1.5439385116051845e+18,-6.29853820801,42.5229873657,-10.550028801,1544027891249915151,-124.784912109,-56.8495330811,-6.89033794403,1.5440286569277647e+18,-13.8352355957,31.0428924561,-7.11633062363
,,,,1.5439385117396813e+18,-2.75370788574,42.0756912231,-11.7487735748,1544027891504244049,-128.097015381,-59.8770294189,-7.09643697739,1.544028657011294e+18,-10.2102813721,33.4983062744,-3.00217199326
,,,,1.5439385119826414e+18,0.791107177734,41.6283874512,-12.9475183487,1544027891795670249,-131.40914917,-62.904510498,-7.30253648758,1.5440286570113364e+18,-9.34231567383,34.9994354248,-0.444221198559
,,,,1.5439385120976883e+18,4.3359375,41.1810913086,-14.1462631226,1544027892138126057,-134.721252441,-65.9319915771,-7.50863599777,1.5440286571119393e+18,-7.53335571289,31.1756668091,3.17515444756
,,,,1.54393851223118e+18,20.9722595215,35.115486145,-9.80697536469,1544027892399993451,-138.033355713,-68.959487915,-7.71473503113,1.5440286571129313e+18,-8.55661010742,29.2679367065,3.145581007
,,,,1.5439385122356564e+18,20.8896789551,30.4033889771,-4.81827878952,1544027892608994084,-141.345458984,-71.9869689941,-7.92083454132,1.544028657190567e+18,-11.1804046631,30.5668640137,3.26935243607
,,,,1.54393851233661e+18,30.764541626,29.7939605713,-3.10590338707,1544027892792240096,-144.657562256,-75.014465332,-8.12693405151,1.5440286572674693e+18,-15.3930206299,31.714012146,3.62854814529
,,,,1.5439385123379756e+18,33.1006088257,29.800819397,6.08341598511,1544027892998423642,-147.969665527,-78.0419464111,-8.33303356171,1.5440286572782364e+18,-18.7867279053,32.2465438843,3.54631567001
,,,,1.543938512438157e+18,29.390838623,25.1532592773,2.82341623306,1544027893308572516,-151.281768799,-81.0694274902,-8.5391330719,1.5440286573598776e+18,-22.0898742676,32.4903335571,2.15266251564
,,,,1.5439385125451487e+18,31.1306610107,28.8846740723,2.76853680611,1544027893490873389,-154.59387207,-84.0969238281,-8.74523258209,1.544028657386718e+18,-21.5710601807,33.5510406494,3.28914952278
,,,,1.5439385127262559e+18,40.6397705078,25.4982833862,3.10469341278,1544027893685736503,-157.905975342,-87.1244049072,-8.95133113861,1.5440286574412705e+18,-21.0431365967,30.6612854004,0.238614246249
,,,,1.5439385127272799e+18,41.9075164795,22.625213623,-4.85910844803,1544027894348211385,-83.7040100098,-91.7120513916,-3.01457500458,1.5440286575264484e+18,-22.2295837402,29.3623733521,1.32769155502
,,,,1.5439385128401044e+18,46.8709945679,23.437461853,-2.49707007408,1544027894456184111,-35.5675811768,-71.2646789551,1.5732922554,1.544028657534102e+18,-20.9300079346,28.9537963867,1.52192234993
,,,,1.5439385128401487e+18,49.3761901855,23.3619613647,-1.72703790665,1544027894458329103,-24.0803070068,-66.1877593994,3.05492520332,1.5440286576469512e+18,-15.7177429199,30.9386901855,3.43866372108
,,,,1.5439385129438684e+18,47.2283477783,23.6051940918,8.53721523285,1544027894633391193,11.6494140625,-42.1311035156,1.34292435646,,,,
,,,,1.5439385130812733e+18,52.2244873047,12.2164916992,7.35697174072,1544027894721390850,11.2526550293,-42.0590057373,2.62158465385,,,,
,,,,1.5439385130849434e+18,53.4878540039,6.05648040771,-0.322705984116,1544027894722113986,8.51725769043,-43.4488067627,11.0899419785,,,,
,,,,1.5439385131592397e+18,58.6128540039,8.15605163574,0.981691360474,1544027894819946675,1.83192443848,-45.5384216309,11.3364439011,,,,
,,,,1.5439385131602468e+18,57.0686187744,10.8368606567,3.54460120201,1544027894820790730,2.01292419434,-46.9434509277,10.0523672104,,,,
,,,,1.5439385132807475e+18,54.9690704346,8.45223999023,3.95706701279,1544027894914478478,5.77803039551,-52.634262085,8.59305286407,,,,
,,,,1.5439385132816845e+18,55.5780029297,4.99208068848,-0.0175324808806,1544027894915741498,8.05891418457,-54.622253418,11.1382427216,,,,
,,,,1.5439385134110303e+18,60.6770629883,3.80414581299,-2.18269729614,1544027894917876741,7.14707946777,-54.7879943848,6.98536157608,,,,
,,,,1.5439385134110876e+18,61.9827041626,0.47770690918,-2.29787731171,1544027895116017158,7.97088623047,-53.8536834717,5.79562187195,,,,
,,,,1.5439385134895985e+18,62.4373855591,0.636077880859,1.13618326187,1544027895234210714,16.0308074951,-58.8765258789,7.89057350159,,,,
,,,,1.5439385135040694e+18,63.9761810303,-1.01589202881,2.11072778702,1544027895303392861,17.9467773438,-63.4794464111,6.79761743546,,,,
,,,,1.5439385136610445e+18,61.1200866699,-4.57318878174,-0.342128276825,1544027895304568964,19.7123718262,-64.4037017822,4.48078155518,,,,
,,,,1.5439385136730217e+18,60.9186859131,-3.94251251221,2.11259651184,1544027895458623551,19.6137390137,-62.634765625,2.76623249054,,,,
,,,,,,,,1544027895460221202,17.623840332,-61.7888641357,2.1523039341,,,,
,,,,,,,,1544027895637028278,21.2341766357,-62.1005249023,1.90648972988,,,,
,,,,,,,,1544027895772112979,22.6307525635,-63.8408050537,0.343720138073,,,,
,,,,,,,,1544027895978395401,30.5257720947,-64.8140563965,2.48411870003,,,,
,,,,,,,,1544027896096499581,33.3365402222,-64.535736084,0.572587668896,,,,
,,,,,,,,1544027896097828060,35.139503479,-64.0328826904,-0.564104497433,,,,
,,,,,,,,1544027896247353367,23.9519805908,-61.6016387939,-0.342791587114,,,,
,,,,,,,,1544027896406652414,26.0701141357,-68.2924346924,4.60107040405,,,,
,,,,,,,,1544027896407314091,28.3765258789,-70.0581512451,4.20770025253,,,,
,,,,,,,,1544027896535743602,30.0139160156,-61.2740020752,2.778175354,,,,
,,,,,,,,1544027896670166376,24.2591705322,-63.1491546631,4.24952077866,,,,
,,,,,,,,1544027896852973756,23.845916748,-64.7977600098,3.25418138504,,,,
,,,,,,,,1544027896958220897,25.3778381348,-62.2195587158,3.02987170219,,,,
,,,,,,,,1544027896960424432,27.158493042,-61.4800415039,2.43568062782,,,,
,,,,,,,,1544027896960460308,25.9996948242,-62.2509460449,5.05949401855,,,,
,,,,,,,,1544027897056459092,25.8774719238,-62.2074127197,5.52337551117,,,,
,,,,,,,,1544027897206719202,26.420211792,-61.2198181152,3.31282734871,,,,
,,,,,,,,1544027897207581425,27.8205566406,-61.1110839844,2.44470691681,,,,
,,,,,,,,1544027897329435247,28.9282073975,-59.3627929688,11.6215496063,,,,
,,,,,,,,1544027897432085638,26.8475799561,-60.8168487549,9.3286895752,,,,
,,,,,,,,1544027897566856251,30.1204833984,-61.9843139648,6.00820875168,,,,
,,,,,,,,1544027897684769719,27.9668884277,-60.1141052246,4.20292949677,,,,
,,,,,,,,1544027897807846228,27.5339660645,-59.5042114258,3.79302477837,,,,
,,,,,,,,1544027897918813169,31.9634094238,-62.7614593506,2.9128510952,,,,
,,,,,,,,1544027897919428095,31.1669616699,-63.5645904541,1.73078930378,,,,
,,,,,,,,1544027898003410229,31.6933135986,-67.6249847412,1.70428466797,,,,
,,,,,,,,1544027898007717381,30.9207458496,-68.9805297852,1.14438128471,,,,
,,,,,,,,1544027898147069859,39.4098587036,-68.8344116211,1.44009828568,,,,
,,,,,,,,1544027898149318186,42.9275283813,-68.845916748,2.3947994709,,,,
,,,,,,,,1544027898272227359,34.4784469604,-64.4992675781,3.67920088768,,,,
,,,,,,,,1544027898272799369,32.5431442261,-63.9225311279,2.64399123192,,,,
,,,,,,,,1544027898429991298,40.0270309448,-65.9155883789,3.06626057625,,,,
,,,,,,,,1544027898576494265,40.6915206909,-60.7990112305,2.55376648903,,,,
,,,,,,,,1544027898576563474,42.1275405884,-59.1912841797,3.33349871635,,,,
,,,,,,,,1544027898709137843,41.3190155029,-58.474609375,2.99906826019,,,,
,,,,,,,,1544027898808867521,41.9211349487,-60.7823181152,2.30405831337,,,,
,,,,,,,,1544027898929047484,41.2058868408,-57.1536560059,1.10521650314,,,,
,,,,,,,,1544027898929092068,40.2940597534,-56.7129364014,-0.787903785706,,,,
,,,,,,,,1544027898930694343,41.7829284668,-56.3972320557,0.0395837202668,,,,
,,,,,,,,1544027899071903100,47.813873291,-59.4119873047,-0.00832249503583,,,,
,,,,,,,,1544027899072569194,48.7746505737,-61.463973999,-3.77023053169,,,,
,,,,,,,,1544027899153432279,59.0134963989,-59.240814209,-2.51338934898,,,,
,,,,,,,,1544027899154685715,62.8649291992,-58.5669555664,-2.0266289711,,,,
,,,,,,,,1544027899349175449,59.5238571167,-57.9519958496,-0.306333720684,,,,
,,,,,,,,1544027899433558048,68.0010223389,-58.7313995361,-0.690796494484,,,,
,,,,,,,,1544027899557274109,75.8031997681,-58.0229644775,-1.18229436874,,,,
,,,,,,,,1544027899557963370,79.0187683105,-57.6736907959,-1.58784103394,,,,
,,,,,,,,1544027899674782321,74.9598236084,-57.4801635742,0.266313046217,,,,
,,,,,,,,1544027899675688960,75.3167877197,-57.3850708008,0.388495832682,,,,
,,,,,,,,1544027899794220188,79.2205200195,-53.2621459961,-1.93134748936,,,,
,,,,,,,,1544027899794250439,81.7626571655,-52.6419830322,-1.69567608833,,,,
,,,,,,,,1544027899915716547,84.1108856201,-51.2522277832,-1.89074957371,,,,
,,,,,,,,1544027900009761384,84.7617874146,-48.4627685547,-3.45137906075,,,,
,,,,,,,,1544027900015403432,85.3369674683,-49.1417388916,8.10594463348,,,,
,,,,,,,,1544027900191953171,85.3065490723,-48.6094512939,5.37102651596,,,,
,,,,,,,,1544027900286293512,85.2403030396,-46.3871917725,3.68219900131,,,,
,,,,,,,,1544027900286371722,86.4167327881,-46.8138885498,-0.992827475071,,,,
,,,,,,,,1544027900465125163,86.8832092285,-44.0854644775,-2.86639404297,,,,
,,,,,,,,1544027900635664180,93.2050018311,-46.5017700195,-5.31283760071,,,,
,,,,,,,,1544027900636266648,96.9474182129,-47.4648742676,-3.94686985016,,,,
,,,,,,,,1544027900739822262,96.1711502075,-43.4786071777,2.3015768528,,,,
,,,,,,,,1544027900881189605,101.632156372,-47.4876556396,3.90765714645,,,,
,,,,,,,,1544027901041912632,98.7476959229,-47.6986694336,3.90413737297,,,,
,,,,,,,,1544027901300181511,93.2369003296,-44.1455078125,0.027950765565,,,,
,,,,,,,,1544027901383372966,83.5284500122,-45.806350708,-1.20273947716,,,,
,,,,,,,,1544027901385022575,79.717956543,-46.6984100342,-1.68535459042,,,,
,,,,,,,,1544027901467034886,71.0489425659,-44.3960876465,-3.98290681839,,,,
,,,,,,,,1544027901600001303,69.2073898315,-43.6245880127,-2.69094896317,,,,
,,,,,,,,1544027901600977111,67.5224380493,-42.9156188965,-4.40800285339,,,,
,,,,,,,,1544027901733452770,57.0223999023,-42.5780487061,-6.6096663475,,,,
,,,,,,,,1544027901734869626,56.6801834106,-42.4622192383,-5.48510742188,,,,
,,,,,,,,1544027901913314645,52.1524047852,-38.1938171387,-7.52680444717,,,,
,,,,,,,,1544027901913439230,52.3343658447,-38.1186218262,-6.50333738327,,,,
,,,,,,,,1544027902035906396,43.3994445801,-35.380859375,-4.95881557465,,,,
,,,,,,,,1544027902037098415,42.6281509399,-35.5286560059,-2.23773217201,,,,
,,,,,,,,1544027902164045111,30.8074798584,-34.2655792236,-1.64251244068,,,,
,,,,,,,,1544027902171041431,29.3446044922,-34.5454711914,-1.39417183399,,,,
,,,,,,,,1544027902171285894,27.9719238281,-34.8953857422,-1.57826805115,,,,
,,,,,,,,1544027902332126173,22.0161895752,-33.3377838135,-3.09870123863,,,,
,,,,,,,,1544027902337938891,23.1718902588,-33.1907958984,-2.33508992195,,,,
,,,,,,,,1544027902338026267,24.4047851562,-34.2993774414,-5.21843910217,,,,
,,,,,,,,1544027902470758181,24.2738189697,-34.6420288086,-5.74160051346,,,,
,,,,,,,,1544027902606260805,4.66983032227,-33.030380249,-14.402756691,,,,
,,,,,,,,1544027902737559612,-0.3798828125,-31.2610168457,-9.26084423065,,,,
,,,,,,,,1544027902913749929,-7.7823638916,-28.9355010986,-5.65301561356,,,,
,,,,,,,,1544027902914722319,-11.5139465332,-28.3629150391,-6.0681219101,,,,
,,,,,,,,1544027903008352649,-19.9935302734,-31.6533966064,-10.1198968887,,,,
,,,,,,,,1544027903185068140,-18.4759674072,-30.3037109375,-5.44482564926,,,,
,,,,,,,,1544027903306892880,-26.7961273193,-30.13722229,-4.12077665329,,,,
,,,,,,,,1544027903435120846,-36.46434021,-32.7669067383,3.6153960228,,,,
,,,,,,,,1544027903531847642,-47.1051025391,-36.7855987549,3.75374317169,,,,
,,,,,,,,1544027903536278255,-46.7955627441,-36.3426818848,5.03583192825,,,,
,,,,,,,,1544027903648996223,-49.9695587158,-35.2808685303,0.975929558277,,,,
,,,,,,,,1544027903820571216,-47.525680542,-43.5801696777,1.72170221806,,,,
,,,,,,,,1544027903936857574,-53.8561859131,-41.0767211914,2.20249557495,,,,
,,,,,,,,1544027903937797839,-53.465927124,-40.7958221436,2.31951475143,,,,
,,,,,,,,1544027904105443228,-67.1721191406,-43.9512634277,1.14926052094,,,,
,,,,,,,,1544027904106769874,-69.8532714844,-46.4201049805,-4.24607658386,,,,
,,,,,,,,1544027904106806416,-69.3408966064,-46.0795440674,-1.25326001644,,,,
,,,,,,,,1544027904224906762,-71.5872039795,-46.9320526123,-1.48832917213,,,,
,,,,,,,,1544027904320519624,-69.8708190918,-45.8675842285,-1.4971331358,,,,
,,,,,,,,1544027904440164870,-72.7478790283,-44.5063781738,-0.503290593624,,,,
,,,,,,,,1544027904440363415,-74.7894287109,-44.9954223633,1.72216594219,,,,
,,,,,,,,1544027904678358677,-72.2545928955,-44.0372009277,4.13182067871,,,,
,,,,,,,,1544027904679156773,-69.4775543213,-43.8299713135,2.96183848381,,,,
,,,,,,,,1544027904800263292,-58.7548675537,-49.1369934082,-4.08991718292,,,,
,,,,,,,,1544027904801410644,-54.312713623,-50.8421783447,-2.35889554024,,,,
,,,,,,,,1544027904907663093,-47.1523895264,-45.2300415039,-7.56467533112,,,,
,,,,,,,,1544027905052348905,-40.8767547607,-43.3772888184,-9.10672950745,,,,
,,,,,,,,1544027905153084182,-34.6011352539,-41.524520874,-10.6487827301,,,,
,,,,,,,,1544027905262020924,-37.5032806396,-38.633102417,-8.88498592377,,,,
,,,,,,,,1544027905262051591,-36.1233825684,-40.3129119873,-8.25661754608,,,,
,,,,,,,,1544027905347826837,-35.12890625,-32.1624755859,-6.61533498764,,,,
,,,,,,,,1544027905450216515,-39.4874267578,-29.1902313232,0.55892008543,,,,
,,,,,,,,1544027905535427127,-34.6381530762,-23.4826965332,2.29244589806,,,,
,,,,,,,,1544027905536286849,-34.0254516602,-25.1494903564,9.34570598602,,,,
,,,,,,,,1544027905681036413,-36.1153411865,-24.2911376953,10.8385953903,,,,
,,,,,,,,1544027905682001970,-34.3825531006,-24.26222229,7.04958057404,,,,
,,,,,,,,1544027905774676493,-27.6881408691,-17.8073730469,7.5493979454,,,,
,,,,,,,,1544027905934026707,-23.5939025879,-12.5915985107,3.57085585594,,,,
,,,,,,,,1544027905941743914,-24.7690887451,-10.5429077148,7.38534355164,,,,
,,,,,,,,1544027905941790165,-23.1616668701,-11.130279541,2.55328559875,,,,
,,,,,,,,1544027906074987627,-18.6212158203,-6.56367492676,2.5146985054,,,,
,,,,,,,,1544027906250230387,-15.8480834961,2.88413238525,-2.29866743088,,,,
,,,,,,,,1544027906530732370,-4.26066589355,9.36889648438,3.92973971367,,,,
,,,,,,,,1544027906530757037,-2.41497802734,11.6005020142,-4.86431360245,,,,
,,,,,,,,1544027906633220550,-3.53149414062,20.8843460083,-11.9448404312,,,,
,,,,,,,,1544027906634597197,-4.24765014648,15.2125091553,-15.8217153549,,,,
,,,,,,,,1544027906741150067,-3.82260131836,15.6254577637,-18.8816585541,,,,
,,,,,,,,1544027906833165996,-1.54862976074,20.4939651489,-11.8350839615,,,,
,,,,,,,,1544027906852518097,-2.62915039062,21.6747436523,-2.00238442421,,,,
