1_time_percent,1_error_X,1_error_Y,1_error_Angle,2_time_percent,2_error_X,2_error_Y,2_error_Angle,3_time_percent,3_error_X,3_error_Y,3_error_Angle,4_time_percent,4_error_X,4_error_Y,4_error_Angle,5_time_percent,5_error_X,5_error_Y,5_error_Angle,6_time_percent,6_error_X,6_error_Y,6_error_Angle
2817537000000.0,165.406860352,112.532249451,-37.1351509094,2792253000000.0,136.607894897,66.360244751,-36.1378898621,2795981000000.0,166.808792114,37.1741333008,-38.7153816223,2793537000000.0,153.018341064,18.8418273926,-37.4818992615,2795545000000.0,145.687133789,14.4287719727,-36.3777160645,2831453000000,139.788253784,-6.93064880371,-33.9875679016
2817637000000.0,167.4453125,113.975128174,-37.1470947266,2792345000000.0,136.552307129,66.3586730957,-36.1168174744,2796053000000.0,168.13494873,37.5389251709,-38.6957435608,2793657000000.0,153.671051025,18.9524536133,-37.4030456543,2795657000000.0,146.841003418,14.8683013916,-36.3373756409,2831569000000,139.83807373,-6.82022094727,-33.9382171631
2817733000000.0,169.483779907,115.417999268,-37.1590423584,2792441000000.0,136.49671936,66.3571014404,-36.095741272,2796261000000.0,169.461105347,37.9037322998,-38.6761054993,2793745000000.0,154.323776245,19.063079834,-37.3241920471,2795745000000.0,147.994873047,15.3078308105,-36.2970314026,2831697000000,139.887908936,-6.70979309082,-33.8888626099
2817861000000.0,171.522247314,116.860877991,-37.1709899902,2792549000000.0,136.441131592,66.3555297852,-36.0746650696,2796345000000.0,170.787246704,38.2685241699,-38.6564712524,2793861000000.0,154.976501465,19.1737060547,-37.2453384399,2795837000000.0,149.148742676,15.7473754883,-36.2566871643,2831793000000,139.937728882,-6.59936523438,-33.8395080566
2817941000000.0,173.560699463,118.303749084,-37.1829376221,2792645000000.0,136.385543823,66.3539581299,-36.0535926819,2796429000000.0,172.11340332,38.63331604,-38.6368331909,2793945000000.0,155.629226685,19.2843322754,-37.1664848328,2795925000000.0,150.302612305,16.1869049072,-36.2163467407,2831873000000,139.987564087,-6.48895263672,-33.7901573181
2818073000000.0,167.561859131,123.979049683,-35.239200592,2792737000000.0,136.329956055,66.3523712158,-36.0325164795,2796521000000.0,162.194107056,43.0673370361,-38.6678352356,2794061000000.0,145.308227539,22.3874511719,-37.4765548706,2796009000000.0,151.456481934,16.6264343262,-36.1760025024,2831961000000,140.037384033,-6.37852478027,-33.7408027649
2818165000000.0,169.055435181,125.708862305,-35.1552429199,2792837000000.0,136.274368286,66.3507995605,-36.0114402771,2796613000000.0,162.765899658,43.7050933838,-38.6505088806,2794165000000.0,144.777023315,23.2864074707,-38.7284584045,2796101000000.0,152.610351562,17.0659637451,-36.1356620789,2832057000000,140.087219238,-6.26809692383,-33.6914482117
2818169000000.0,155.25100708,116.788421631,-34.3037719727,2792949000000.0,136.218765259,66.3492279053,-35.9903678894,2796701000000.0,151.239364624,40.7048187256,-37.3710517883,2794249000000.0,144.627243042,23.6539459229,-38.7220001221,2796225000000.0,153.764221191,17.5054931641,-36.0953178406,2832145000000,140.137039185,-6.15766906738,-33.6420974731
2818409000000.0,155.497329712,117.649917603,-34.1830329895,2793049000000.0,136.16317749,66.34765625,-35.969291687,2796773000000.0,150.82434082,41.0458374023,-37.2968940735,2794369000000.0,144.477478027,24.021484375,-38.7155418396,2796309000000.0,154.91809082,17.9450378418,-36.054977417,2832229000000,142.759063721,-2.59150695801,-36.4636993408
2818485000000.0,155.743652344,118.511405945,-34.062297821,2793149000000.0,136.107589722,66.3460845947,-35.9482154846,2796865000000.0,150.409317017,41.3868560791,-37.2227363586,2794453000000.0,139.07800293,21.4873809814,-38.4668960571,2796425000000.0,156.07194519,18.3845672607,-36.0146331787,2832325000000,142.958282471,-2.28038024902,-36.5212135315
2818561000000.0,155.989974976,119.372894287,-33.9415588379,2793245000000.0,136.052001953,66.3445129395,-35.9271430969,2796961000000.0,149.994308472,41.7278747559,-37.1485748291,2794589000000.0,136.378250122,19.310043335,-38.0578918457,2796521000000.0,157.225814819,18.8240966797,-35.9742927551,2832481000000,143.157501221,-1.96923828125,-36.5787315369
2818649000000.0,156.236297607,120.234382629,-33.8208236694,2793341000000.0,145.353134155,74.2534942627,-35.8218612671,2797065000000.0,149.579284668,42.0689086914,-37.0744171143,2794661000000.0,133.255691528,17.1855010986,-37.4032020569,2796653000000.0,113.285049438,11.2647094727,-35.9969787598,2832577000000,131.546310425,-5.80668640137,-36.745803833
2818737000000.0,136.960922241,99.9495697021,-34.4297142029,2793437000000.0,143.027877808,72.7081298828,-36.1794052124,2797165000000.0,135.569946289,32.1390533447,-38.1709976196,2794789000000.0,132.271453857,16.924911499,-37.339466095,2796741000000.0,111.861373901,11.2470397949,-35.9590835571,2832669000000,129.733154297,-7.96374511719,-36.9247436523
2818893000000.0,135.716537476,99.1963043213,-34.3424224854,2793597000000.0,143.315429688,73.0264434814,-36.1690254211,2797261000000.0,134.115264893,31.6945800781,-38.1485443115,2794865000000.0,131.287231445,16.6643218994,-37.2757339478,2796829000000.0,110.437713623,11.2293548584,-35.9211921692,2832765000000,128.893066406,-8.17208862305,-36.9909172058
2818973000000.0,134.472167969,98.4430389404,-34.2551345825,2793685000000.0,143.602966309,73.3447418213,-36.1586456299,2797357000000.0,132.660583496,31.2501220703,-38.1260948181,2795001000000.0,125.21383667,11.6450958252,-37.5137825012,2796913000000.0,109.014038086,11.2116851807,-35.8833007812,2832845000000,128.052978516,-8.38043212891,-37.057094574
2819061000000.0,122.988861084,84.0056915283,-32.5083999634,2793765000000.0,143.89050293,73.6630554199,-36.1482658386,2797461000000.0,131.205917358,30.8056488037,-38.10364151,2795081000000.0,123.802276611,10.9849395752,-37.4648933411,2797049000000.0,107.590377808,11.1940155029,-35.8454055786,2832965000000,127.212890625,-8.58877563477,-37.1232681274
2819157000000.0,120.913208008,82.1414337158,-32.3461151123,2793853000000.0,144.17805481,73.9813690186,-36.1378898621,2797557000000.0,118.960952759,21.8703613281,-3.47940707207,2795157000000.0,122.390716553,10.3247833252,-37.4160003662,2797141000000.0,106.166717529,11.1763458252,-35.8075141907,2833049000000,126.372802734,-8.79711914062,-37.1894454956
2819261000000.0,118.837539673,80.2771759033,-32.1838302612,2793973000000.0,144.465591431,74.2996826172,-36.1275100708,2797689000000.0,116.660324097,20.7602081299,-1.94289970398,2795257000000.0,120.979171753,9.6646270752,-37.3671112061,2797225000000.0,104.743041992,11.1586761475,-35.769618988,2833137000000,125.532714844,-9.00546264648,-37.2556190491
2819349000000.0,116.761871338,78.4129180908,-32.0215454102,2794053000000.0,144.753128052,74.617980957,-36.1171302795,2797713000000.0,113.336288452,17.0799407959,-12.4141607285,2795389000000.0,119.567611694,9.0044708252,-37.3182220459,2797317000000.0,103.319381714,11.1409912109,-35.7317276001,2833285000000,124.692626953,-9.21380615234,-37.3217964172
2819441000000.0,114.686218262,76.5486755371,-31.8592624664,2794177000000.0,145.040679932,74.9362945557,-36.1067504883,2797897000000.0,110.357711792,14.1902160645,-20.0289268494,2795465000000.0,111.101043701,3.7668762207,-37.4256286621,2797449000000.0,101.895706177,11.1233215332,-35.6938362122,2833381000000,114.43560791,-16.2300415039,-36.6749420166
2819593000000.0,107.576873779,69.3523254395,-33.3722343445,2794261000000.0,145.328216553,75.2546081543,-36.096370697,2797989000000.0,106.749938965,11.5986328125,-24.7829113007,2795585000000.0,109.154098511,2.7593536377,-37.3843917847,2797537000000.0,100.472045898,11.1056518555,-35.6559410095,2833473000000,111.211715698,-17.5116882324,-37.0119171143
2819677000000.0,104.522628784,67.8764038086,-34.7711257935,2794361000000.0,122.662826538,54.4262695312,-39.9093780518,2798129000000.0,103.910293579,10.3948516846,-27.644071579,2795677000000.0,104.530822754,0.69856262207,-38.4990653992,2797613000000.0,99.0483856201,11.0879821777,-35.6180496216,2833561000000,109.558029175,-18.2546386719,-37.0608940125
2819757000000.0,102.014801025,65.6740722656,-34.7492141724,2794453000000.0,121.434036255,53.3475646973,-40.0471916199,2798213000000.0,101.339355469,8.8620300293,-27.4225654602,2795809000000.0,102.361160278,-0.396621704102,-38.5140991211,2797721000000.0,97.624710083,11.0703125,-35.5801582336,2833641000000,107.904342651,-18.9975585938,-37.1098709106
2819889000000.0,99.5069732666,63.4717559814,-34.727306366,2794601000000.0,120.205230713,52.2688751221,-40.1850013733,2798293000000.0,99.5538635254,8.64526367188,-29.3782119751,2795901000000.0,100.191497803,-1.49179077148,-38.5291290283,2797809000000.0,96.2010498047,11.0526275635,-35.542263031,2833745000000,106.250656128,-19.7405090332,-37.1588516235
2819965000000.0,96.999130249,61.2694396973,-34.7053947449,2794681000000.0,105.215255737,41.2084960938,-37.9144172668,2798385000000.0,95.9480895996,8.28353881836,-32.0180778503,2795985000000.0,98.0218353271,-2.58697509766,-38.5441589355,2797925000000.0,94.7773742676,11.0349578857,-35.5043716431,2833837000000,98.953994751,-22.2148742676,-37.778175354
2820093000000.0,94.4913024902,59.0671234131,-34.6834869385,2794761000000.0,102.218826294,38.3739776611,-37.5009384155,2798465000000.0,93.3496704102,7.14944458008,-34.8048439026,2796081000000.0,95.8521728516,-3.68215942383,-38.5591926575,2798013000000.0,93.3537139893,11.017288208,-35.4664764404,2833953000000,96.8476409912,-23.0967102051,-37.8527526855
2820157000000.0,91.9834747314,56.8648071289,-34.6615753174,2794865000000.0,99.8257751465,36.4095458984,-37.5241317749,2798589000000.0,90.749420166,5.84284973145,-34.972278595,2796185000000.0,92.0342102051,-4.9328918457,-37.5637588501,2798145000000.0,91.9300537109,10.9996185303,-35.4285850525,2834061000000,94.7412872314,-23.9785461426,-37.9273262024
2820281000000.0,90.5028839111,55.108215332,-35.263381958,2795005000000.0,97.432723999,34.4451141357,-37.5473251343,2798669000000.0,88.1491699219,4.5362701416,-35.1397094727,2796277000000.0,89.7390594482,-6.03991699219,-37.531036377,2798237000000.0,90.5063781738,10.9819488525,-35.3906936646,2834173000000,92.6349334717,-24.8603515625,-38.0018997192
2820373000000.0,88.4625549316,53.1588134766,-35.3536148071,2795081000000.0,92.2026824951,31.3879852295,-37.2739868164,2798785000000.0,86.6781768799,4.70617675781,-36.1272315979,2796369000000.0,87.4438934326,-7.14694213867,-37.4983100891,2798313000000.0,89.0827178955,10.964263916,-35.3527984619,2834245000000,86.4439544678,-25.3401184082,-37.7225494385
2820461000000.0,85.7160949707,51.7109375,-34.4215965271,2795213000000.0,91.4108886719,29.3058776855,-39.4054908752,2798877000000.0,84.1723327637,3.52301025391,-36.3381309509,2796473000000.0,84.6097717285,-7.73223876953,-36.9132041931,2798417000000.0,87.6590423584,10.9465942383,-35.314907074,2834365000000,84.0155944824,-26.190246582,-37.7809791565
2820565000000.0,83.2857055664,49.6218719482,-34.3884010315,2795289000000.0,88.7533111572,27.8443908691,-39.9039726257,2798985000000.0,81.8430786133,3.41539001465,-37.7883453369,2796645000000.0,82.270980835,-8.7970123291,-36.8547668457,2798521000000.0,86.2353820801,10.9289245605,-35.2770118713,2834453000000,84.0429534912,-25.784576416,-37.1580886841
2820657000000.0,82.7260894775,48.1929168701,-34.3678245544,2795365000000.0,86.2661743164,25.8394622803,-40.0281257629,2799073000000.0,79.3522338867,2.32362365723,-38.0649261475,2796773000000.0,79.9321746826,-9.86180114746,-36.796333313,2798625000000.0,84.8117218018,10.9112548828,-35.2391204834,2834581000000,81.8212890625,-26.5290222168,-37.1851005554
2820757000000.0,79.8770141602,47.1196899414,-34.001121521,2795469000000.0,83.7790527344,23.8345336914,-40.1522789001,2799181000000.0,77.8049926758,2.57260131836,-39.1479454041,2796849000000.0,78.1298217773,-9.4419708252,-37.8862838745,2798721000000.0,60.8020935059,-8.33865356445,-39.8478050232,2834661000000,79.5996246338,-27.2734375,-37.2121124268
2820845000000.0,78.664276123,45.0628967285,-34.2784881592,2795633000000.0,83.8944854736,22.6904907227,-39.532283783,2799325000000.0,75.3948822021,1.59555053711,-39.4671096802,2796933000000.0,76.3886871338,-9.94087219238,-37.8882789612,2798721000000.0,59.6622924805,-8.76414489746,-38.6540718079,2834757000000,77.3779449463,-28.0178833008,-37.2391204834
2821017000000.0,75.7051544189,43.0900421143,-34.8401374817,2795729000000.0,81.6259918213,20.7578735352,-39.6194458008,2799405000000.0,72.9847717285,0.61848449707,-39.7862739563,2797017000000.0,74.1418609619,-10.8454437256,-37.8833618164,2798869000000.0,57.3412780762,-9.59582519531,-38.7185440063,2834849000000,75.1562805176,-28.7623291016,-37.2661323547
2821109000000.0,73.4191131592,41.1325531006,-34.8375549316,2795817000000.0,79.3574981689,18.8252716064,-39.7066078186,2799485000000.0,70.5746612549,-0.35856628418,-40.1054382324,2797097000000.0,72.2099304199,-10.7402496338,-38.6197776794,2798965000000.0,55.0202331543,-10.4274902344,-38.7830123901,2834953000000,74.1052703857,-26.9182434082,-38.1238327026
2821217000000.0,71.1330566406,39.1750640869,-34.8349685669,2795901000000.0,78.7425689697,19.4890136719,-38.6195907593,2799585000000.0,68.1645507812,-1.33563232422,-40.4246025085,2797181000000.0,70.3456420898,-11.2287902832,-38.7413711548,2799045000000.0,52.6991882324,-11.2591705322,-38.8474845886,2835097000000,71.9728393555,-27.4653625488,-38.1892242432
2821305000000.0,71.0180358887,38.7028961182,-34.6385917664,2795989000000.0,77.5333862305,17.7545776367,-23.6288452148,2799729000000.0,68.9770812988,1.02523803711,-40.0532836914,2797309000000.0,68.1576843262,-12.0166015625,-38.7761421204,2799141000000.0,50.3781738281,-12.0908355713,-38.9119567871,2835181000000,69.8404083252,-28.0124816895,-38.2546157837
2821305000000.0,69.9616394043,38.8296051025,-35.1613845825,2796073000000.0,75.2147521973,16.7256011963,-25.2877597809,2799821000000.0,66.8120422363,0.302001953125,-40.3377304077,2797381000000.0,65.9697265625,-12.8044128418,-38.8109130859,2799225000000.0,48.0571289062,-12.9225158691,-38.9764251709,2835273000000,67.7079772949,-28.5595703125,-38.3200073242
2821373000000.0,68.1879730225,37.8620605469,-34.7411880493,2796173000000.0,73.1385192871,15.0669403076,-24.6748828888,2799897000000.0,64.646987915,-0.42121887207,-40.6221733093,2797489000000.0,63.7817687988,-13.5922393799,-38.8456802368,2799313000000.0,45.7360839844,-13.7541809082,-39.0408973694,2835365000000,66.5094299316,-26.7416992188,-40.279964447
2821497000000.0,66.1964263916,36.2618103027,-34.7334976196,2796345000000.0,72.1253051758,14.3572235107,-26.6630477905,2800001000000.0,62.4819641113,-1.14443969727,-40.9066200256,2797589000000.0,61.5938110352,-14.3800506592,-38.8804512024,2799441000000.0,43.4150695801,-14.5858612061,-39.1053657532,2835489000000,64.450012207,-27.1039123535,-40.4317207336
2821577000000.0,64.8709106445,34.2895202637,-32.4813690186,2796345000000.0,72.1932067871,14.041229248,-26.6194972992,2800113000000.0,60.3168945312,-1.86766052246,-41.1910667419,2797689000000.0,59.4058227539,-15.1678619385,-38.915222168,2799525000000.0,41.0940246582,-15.4175262451,-39.1698379517,2835573000000,62.3905944824,-27.4661560059,-40.583480835
2821721000000.0,64.1357421875,33.0995483398,-32.5252876282,2796433000000.0,69.8641967773,13.2188873291,-28.1536445618,2800201000000.0,58.1518554688,-2.59088134766,-41.4755134583,2797789000000.0,57.2178649902,-15.9556732178,-38.9499931335,2799681000000.0,40.1383972168,-16.837097168,-33.8055038452,2835717000000,60.3311462402,-27.8283996582,-40.7352371216
2821813000000.0,61.9899597168,32.0917816162,-32.5800018311,2796521000000.0,68.0153808594,11.8125457764,-27.8064212799,2800301000000.0,58.4161682129,1.36506652832,-40.0397377014,2797937000000.0,55.0299072266,-16.7434997559,-38.9847640991,2799769000000.0,37.9097900391,-17.7085571289,-33.6680450439,2835817000000,58.2717285156,-28.1906433105,-40.8869972229
2821889000000.0,59.9772949219,30.1944122314,-33.261390686,2796593000000.0,66.1665496826,10.4061889648,-27.4591999054,2800401000000.0,56.4267578125,0.98014831543,-40.2446784973,2798029000000.0,52.8419494629,-17.5313110352,-39.01953125,2799853000000.0,35.6811523438,-18.5800170898,-33.5305862427,2835913000000,56.212310791,-28.5528869629,-41.0387535095
2821957000000.0,59.4342041016,28.9549560547,-33.4927368164,2796729000000.0,64.3177337646,8.99983215332,-27.1119766235,2800513000000.0,54.3268737793,2.49549865723,-40.0758018494,2798121000000.0,53.7081604004,-14.166595459,-39.284954071,2799929000000.0,33.452545166,-19.4514770508,-33.3931274414,2836009000000,54.1528625488,-28.9151306152,-41.1905136108
2822089000000.0,57.5548400879,27.3082885742,-33.985660553,2796809000000.0,62.4689025879,7.5934753418,-26.7647533417,2800649000000.0,53.75,2.39990234375,-40.081867218,2798205000000.0,51.7195129395,-14.6834259033,-39.3302955627,2800025000000.0,31.2239074707,-20.3229675293,-33.2556686401,2836097000000,52.0934448242,-29.2773742676,-41.3422737122
2822165000000.0,56.0801086426,25.7890014648,-34.2748718262,2796889000000.0,61.2209777832,7.74354553223,-28.8266887665,2800721000000.0,51.8760070801,2.18348693848,-40.2614212036,2798301000000.0,49.7308654785,-15.2002563477,-39.3756332397,2800121000000.0,36.496673584,-14.8132019043,-35.3459243774,2836185000000,50.0340270996,-29.6396179199,-41.4940299988
2822313000000.0,54.6440124512,24.664855957,-34.4344482422,2797001000000.0,59.4182434082,6.45657348633,-28.6057357788,2800821000000.0,50.0020141602,1.9670715332,-40.4409713745,2798437000000.0,49.1159973145,-13.3005371094,-40.0177345276,2800209000000.0,34.8376159668,-15.2001342773,-35.2958335876,2836273000000,47.9745788574,-30.0018615723,-41.6457901001
2822401000000.0,53.0002441406,23.1793518066,-34.7199287415,2797097000000.0,56.6983947754,6.12762451172,-31.3502483368,2800917000000.0,49.3327941895,3.07403564453,-43.3102149963,2798529000000.0,47.2369995117,-13.6244812012,-40.08984375,2800305000000.0,33.1785888672,-15.5870666504,-35.2457427979,2836373000000,45.9151611328,-30.364074707,-41.7975463867
2822477000000.0,51.2973327637,21.6708068848,-34.742805481,2797205000000.0,54.7524719238,5.14585876465,-32.0301437378,2800917000000.0,47.7818908691,3.90612792969,-43.2919883728,2798609000000.0,45.358001709,-13.948425293,-40.1619529724,2800473000000.0,31.5195617676,-15.9739990234,-35.1956520081,2836521000000,43.8557434082,-30.7263183594,-41.949306488
2822581000000.0,49.5943908691,20.1622619629,-34.7656822205,2797305000000.0,52.8675537109,3.95832824707,-32.0002861023,2801041000000.0,46.0282592773,3.8825378418,-43.5820846558,2798689000000.0,43.4790039062,-14.272354126,-40.2340621948,2800565000000.0,29.8605041504,-16.3609313965,-35.1455612183,2836609000000,41.796295166,-31.0885620117,-42.1010627747
2822661000000.0,49.5624084473,19.7572021484,-34.943195343,2797441000000.0,50.982635498,2.77081298828,-31.9704284668,2801117000000.0,44.274597168,3.85893249512,-43.872177124,2798829000000.0,41.6000061035,-14.5962982178,-40.3061714172,2800649000000.0,32.7506408691,-11.3027191162,-35.2898216248,2836681000000,39.7368774414,-31.4508056641,-42.252822876
2822789000000.0,47.4907226562,18.6094665527,-35.0194892883,2797517000000.0,49.0977172852,1.58329772949,-31.9405708313,2801253000000.0,42.5209350586,3.83534240723,-44.162273407,2798921000000.0,41.9423522949,-12.2828979492,-39.8459587097,2800725000000.0,31.3848571777,-10.8202209473,-37.3777046204,2836789000000,37.6774597168,-31.8130493164,-42.4045791626
2822873000000.0,45.9663085938,17.4982147217,-35.038520813,2797593000000.0,47.2127990723,0.395767211914,-31.9107131958,2801321000000.0,41.6003723145,4.12329101562,-43.738899231,2799001000000.0,40.2326049805,-12.4058837891,-39.8947143555,2800865000000.0,30.0671691895,-10.7547454834,-37.4245071411,2836889000000,35.6180114746,-32.1752929688,-42.5563392639
2823013000000.0,44.3660583496,16.1302185059,-35.0717735291,2797745000000.0,47.9799194336,-0.458786010742,-33.7400817871,2801461000000.0,39.9133605957,4.12461853027,-43.9946022034,2799101000000.0,39.4929504395,-11.8533477783,-43.661907196,2800941000000.0,28.7494812012,-10.6892852783,-37.4713134766,2837029000000,33.55859375,-32.5375366211,-42.7080955505
2823101000000.0,42.5811767578,15.4484558105,-35.414150238,2797825000000.0,46.1428222656,-1.51783752441,-34.5726776123,2801549000000.0,37.9166259766,4.80471801758,-43.6245307922,2799201000000.0,37.8643798828,-11.9198150635,-43.8744621277,2801029000000.0,27.4317932129,-10.6238250732,-37.5181159973,2837121000000,31.4991760254,-32.8997802734,-42.8598556519
2823197000000.0,41.1456604004,14.6562957764,-35.1702079773,2797909000000.0,44.4481506348,-2.67115783691,-34.6728858948,2801621000000.0,36.2035522461,4.86317443848,-43.8499679565,2799305000000.0,36.2358093262,-11.9862823486,-44.0870170593,2801145000000.0,27.0387573242,-8.35903930664,-38.2060546875,2837205000000,29.4397277832,-33.2620239258,-43.0116119385
2823285000000.0,38.6256103516,14.4533996582,-34.7530136108,2798001000000.0,43.5162963867,-2.57221984863,-35.4985427856,2801713000000.0,34.490447998,4.92163085938,-44.0754051208,2799397000000.0,35.022064209,-10.6665496826,-42.2261238098,2801233000000.0,25.7953186035,-8.11697387695,-38.2814903259,2837289000000,27.3803100586,-33.6242370605,-43.1633720398
2823413000000.0,36.5148925781,13.7220306396,-34.2473640442,2798101000000.0,41.8874511719,-3.61755371094,-35.6345901489,2801809000000.0,33.2945556641,5.21630859375,-43.3652381897,2799541000000.0,33.4278564453,-10.6182098389,-42.3456382751,2801357000000.0,24.6081542969,-7.92575073242,-40.8916053772,2837425000000,25.320892334,-33.9864807129,-43.3151283264
2823497000000.0,34.5601196289,13.1261291504,-32.9093284607,2798205000000.0,40.2585754395,-4.66287231445,-35.7706336975,2801917000000.0,32.2658996582,4.73773193359,-42.7298355103,2799625000000.0,33.127166748,-10.1093597412,-42.8949127197,2801437000000.0,24.4538879395,-7.70657348633,-40.1066055298,2837509000000,23.2614440918,-34.3487243652,-43.4668884277
2823581000000.0,33.713684082,11.636428833,-33.0459327698,2798309000000.0,40.4432678223,-4.1301574707,-36.1332397461,2802117000000.0,30.6528320312,4.63372802734,-42.8864250183,2799709000000.0,31.643157959,-10.021774292,-43.0340538025,2801529000000.0,23.3107910156,-7.47044372559,-40.2525939941,2837589000000,21.2020263672,-34.7109680176,-43.6186447144
2823689000000.0,32.0521850586,10.5192260742,-32.9663276672,2798409000000.0,38.964630127,-5.04479980469,-36.2804527283,2802201000000.0,29.0382385254,4.65144348145,-43.0275421143,2799813000000.0,30.1591491699,-9.93420410156,-43.1731987,2801637000000.0,22.1676940918,-7.23432922363,-40.3985824585,2837677000000,19.1426086426,-35.0732116699,-43.7704048157
2823781000000.0,30.3906860352,9.40200805664,-32.8867225647,2798521000000.0,37.4859619141,-5.95942687988,-36.4276618958,2802289000000.0,28.493347168,4.94229125977,-43.0454826355,2799909000000.0,28.6751708984,-9.84661865234,-43.3123435974,2801729000000.0,21.0246276855,-6.99821472168,-40.5445709229,2837809000000,34.508605957,-19.3939819336,-40.122467041
2823885000000.0,28.360748291,9.76531982422,-32.846622467,2798605000000.0,37.6599121094,-5.21646118164,-35.3940391541,2802369000000.0,26.9336547852,5.83950805664,-42.0381355286,2800009000000.0,27.1911621094,-9.75903320312,-43.4514846802,2801857000000.0,19.8815307617,-6.76208496094,-40.6905593872,2837901000000,33.1564025879,-19.1051635742,-40.1555175781
2823985000000.0,26.9062805176,8.9584197998,-32.7324752808,2798741000000.0,35.4451293945,-5.71806335449,-35.9218330383,2802453000000.0,26.0418395996,5.24765014648,-42.0119056702,2800113000000.0,25.7071533203,-9.6714630127,-43.5906295776,2801945000000.0,18.7384643555,-6.52597045898,-40.8365478516,2837977000000,31.8041992188,-18.8163452148,-40.1885681152
2824085000000.0,27.3005371094,7.69323730469,-32.8000907898,2798817000000.0,34.0265197754,-6.4727935791,-36.03282547,2802529000000.0,24.5739440918,5.30137634277,-42.0832099915,2800269000000.0,26.3370666504,-8.98220825195,-41.7026939392,2802021000000.0,17.5953674316,-6.28984069824,-40.9825363159,2838077000000,30.4519958496,-18.5275268555,-40.221622467
2824177000000.0,25.0713806152,7.01037597656,-32.2640571594,2798893000000.0,32.6079101562,-7.22752380371,-36.1438140869,2802673000000.0,23.1060791016,5.35511779785,-42.154510498,2800353000000.0,25.0077514648,-8.85061645508,-41.7494468689,2802121000000.0,18.9498291016,-6.0848236084,-42.7698783875,2838181000000,37.5628662109,-14.1449584961,-39.696018219
2824281000000.0,24.2521972656,6.35293579102,-32.9424743652,2798993000000.0,32.3213195801,-6.57713317871,-37.0961112976,2802749000000.0,23.052520752,5.39219665527,-41.7576560974,2800441000000.0,23.6784057617,-8.71900939941,-41.7961997986,2802225000000.0,17.9833068848,-5.85090637207,-42.9933204651,2838269000000,36.9065551758,-13.5195159912,-39.7108192444
2824281000000.0,24.7548522949,6.23176574707,-32.0072212219,2799141000000.0,30.9688110352,-6.93569946289,-37.2971153259,2802833000000.0,21.9078674316,5.52824401855,-42.8769226074,2800517000000.0,22.3490905762,-8.58740234375,-41.8429489136,2802321000000.0,17.0168151855,-5.61697387695,-43.216758728,2838425000000,36.2502746582,-12.8940887451,-39.7256164551
2824381000000.0,23.4371643066,5.71185302734,-32.4519081116,2799241000000.0,29.8613891602,-6.85049438477,-37.5607376099,2802925000000.0,21.6696472168,4.63433837891,-43.3155670166,2800657000000.0,21.019744873,-8.45581054688,-41.8897018433,2802425000000.0,16.0503234863,-5.38305664062,-43.440196991,2838517000000,32.6143188477,-12.5489807129,-39.3082885742
2824465000000.0,23.168548584,5.44465637207,-32.8684692383,2799317000000.0,28.5541381836,-7.40158081055,-37.7209815979,2803089000000.0,20.1493530273,5.30953979492,-43.4596939087,2800737000000.0,21.8301696777,-7.33041381836,-4.94678068161,2802517000000.0,15.0838317871,-5.1491394043,-43.6636390686,2838597000000,31.69921875,-11.9478759766,-39.3077278137
2824605000000.0,21.7434082031,5.02265930176,-32.9852905273,2799413000000.0,28.4160766602,-6.89584350586,-37.9518470764,2803165000000.0,19.082244873,5.56727600098,-43.5307922363,2800825000000.0,20.6614685059,-7.12422180176,-3.3540365696,2802613000000.0,14.1173095703,-4.91520690918,-43.8870773315,2838693000000,30.7841186523,-11.346786499,-39.3071670532
2824689000000.0,20.3442077637,4.84899902344,-33.228061676,2799509000000.0,27.2106628418,-7.3549041748,-38.115688324,2803241000000.0,17.8395996094,5.62481689453,-43.6503181458,2800921000000.0,19.4927368164,-6.91802978516,-1.761292696,2802765000000.0,13.1508178711,-4.68128967285,-44.1105194092,2838789000000,29.8690185547,-10.7456970215,-39.3066062927
2824773000000.0,19.008026123,4.80612182617,-33.4500961304,2799613000000.0,26.3232727051,-6.95651245117,-37.9809913635,2803369000000.0,17.7127990723,6.17587280273,-43.139465332,2801033000000.0,18.324005127,-6.71182250977,-0.168548792601,2802849000000.0,12.1843261719,-4.44737243652,-44.3339576721,2838873000000,27.9385681152,-12.319152832,-39.9283103943
2824865000000.0,16.6860656738,5.81553649902,-32.2093429565,2799713000000.0,24.484954834,-7.18783569336,-38.1298370361,2803441000000.0,16.5673828125,6.27641296387,-43.2245140076,2801125000000.0,19.9376220703,-5.29397583008,-14.39868927,2802933000000.0,11.2178344727,-4.21343994141,-44.5573997498,2838873000000,27.9288330078,-12.4632568359,-39.3550453186
2824981000000.0,16.6716003418,4.75158691406,-31.3113994598,2799801000000.0,23.2485961914,-7.55952453613,-38.2783279419,2803569000000.0,15.5933227539,6.46937561035,-42.5079956055,2801233000000.0,18.8275146484,-4.88436889648,-22.0262775421,2803025000000.0,10.2513122559,-3.97952270508,-44.7808380127,2839013000000,27.0265197754,-12.6162414551,-38.9657974243
2825069000000.0,15.4394836426,4.20652770996,-31.1876583099,2799909000000.0,22.6131286621,-7.14750671387,-38.6483955383,2803645000000.0,14.3906555176,7.08551025391,-41.9096260071,2801325000000.0,17.5626831055,-4.42376708984,-26.8509120941,2803129000000.0,9.28482055664,-3.74560546875,-45.0042800903,2839097000000,26.896484375,-12.9881286621,-40.4875717163
2825169000000.0,12.5120849609,5.45526123047,-30.6930217743,2800045000000.0,21.428894043,-7.45123291016,-38.8084869385,2803777000000.0,13.2536010742,7.23875427246,-41.916053772,2801429000000.0,15.6274719238,-3.76164245605,-30.260017395,2803221000000.0,8.31832885742,-3.51167297363,-45.2277183533,2839185000000,26.0574951172,-12.7265167236,-40.5398750305
2825277000000.0,12.0700378418,4.2957611084,-30.8902130127,2800121000000.0,19.5759277344,-6.32257080078,-38.3885650635,2803861000000.0,12.1165466309,7.39199829102,-41.9224815369,2801517000000.0,14.5506591797,-3.40733337402,-30.1468391418,2803325000000.0,11.7315979004,-1.48466491699,-42.9670639038,2839289000000,25.218536377,-12.4649047852,-40.59217453
2825385000000.0,12.2237548828,4.41534423828,-31.0978546143,2800265000000.0,19.6280822754,-6.78930664062,-37.9576416016,2803981000000.0,10.9794921875,7.54524230957,-41.9289093018,2801605000000.0,13.473815918,-3.05302429199,-30.0336589813,2803429000000.0,11.0191040039,-1.1467590332,-43.0920944214,2839389000000,26.0459289551,-12.4656066895,-40.3179893494
2825481000000.0,9.32781982422,5.17091369629,-31.1390781403,2800345000000.0,18.5005187988,-6.99522399902,-38.0577545166,2804073000000.0,10.484375,7.43367004395,-41.8085327148,2801761000000.0,11.3311157227,-3.24157714844,-30.0985374451,2803537000000.0,10.3065795898,-0.808853149414,-43.217124939,2839497000000,25.3480224609,-12.2261962891,-40.3540992737
2825589000000.0,10.3000488281,4.48187255859,-30.6888141632,2800433000000.0,17.3729553223,-7.20112609863,-38.1578674316,2804145000000.0,9.39852905273,7.56578063965,-41.8082466125,2801837000000.0,10.1647949219,-2.93284606934,-29.9940357208,2803633000000.0,12.9290161133,0.452484130859,-43.3219871521,2839581000000,24.4507751465,-11.978302002,-40.661075592
2825685000000.0,8.98812866211,3.73225402832,-31.2756328583,2800513000000.0,16.2454223633,-7.40702819824,-38.2579803467,2804253000000.0,7.80114746094,8.76351928711,-43.6127357483,2801981000000.0,8.99844360352,-2.62413024902,-29.8895339966,2803733000000.0,12.4835205078,0.864318847656,-43.4462203979,2839717000000,24.9561767578,-11.3634643555,-40.2802009583
2825781000000.0,7.63125610352,3.2121887207,-31.8361778259,2800657000000.0,15.1178588867,-7.61293029785,-38.3580932617,2804361000000.0,6.67236328125,8.98509216309,-43.706237793,2802077000000.0,7.83212280273,-2.31541442871,-29.7850322723,2803829000000.0,12.0380249023,1.27615356445,-43.5704574585,2839793000000,24.3492126465,-11.0901641846,-40.3078079224
2825881000000.0,5.55087280273,3.7957611084,-31.6186695099,2800757000000.0,14.7228393555,-7.02351379395,-38.1109809875,2804457000000.0,5.83389282227,8.13227844238,-43.3076438904,2802169000000.0,6.66577148438,-2.00668334961,-29.6805305481,2803937000000.0,11.5925292969,1.68800354004,-43.6946907043,2839885000000,23.7422485352,-10.8168792725,-40.3354110718
2825973000000.0,5.19561767578,2.5086517334,-32.2934265137,2800853000000.0,13.6513366699,-7.16856384277,-38.1933822632,2804565000000.0,5.11080932617,7.95191955566,-42.1016464233,2802253000000.0,5.49945068359,-1.6979675293,-29.5760288239,2804033000000.0,11.1470336914,2.09983825684,-43.8189277649,2839993000000,23.1352844238,-10.5435791016,-40.3630180359
2826085000000.0,4.3850402832,2.11573791504,-32.6821479797,2800933000000.0,12.579864502,-7.31359863281,-38.2757797241,2804657000000.0,3.67251586914,7.68074035645,-43.3671989441,2802337000000.0,8.25445556641,-1.23121643066,-33.7395248413,2804121000000.0,10.7015686035,2.51168823242,-43.9431610107,2840081000000,23.2380981445,-9.24725341797,-42.2684059143
2826173000000.0,3.6106262207,2.08499145508,-32.9664306641,2801009000000.0,11.5169677734,-6.48600769043,-37.7831687927,2804797000000.0,3.98309326172,7.49061584473,-43.4097175598,2802429000000.0,7.37380981445,-0.910980224609,-33.8394393921,2804229000000.0,10.256072998,2.92352294922,-44.0673980713,2840193000000,22.6879882812,-8.8920135498,-42.3943710327
2826329000000.0,2.91738891602,1.60760498047,-32.9902000427,2801117000000.0,10.4461669922,-6.55242919922,-37.8371047974,2804873000000.0,3.80798339844,6.90789794922,-42.08253479,2802537000000.0,6.49313354492,-0.590744018555,-33.9393501282,2804341000000.0,10.4281005859,2.76518249512,-43.7219200134,2840281000000,22.137878418,-8.53675842285,-42.5203361511
2826401000000.0,2.55780029297,0.604034423828,-32.996421814,2801229000000.0,8.83535766602,-5.39674377441,-37.0286216736,2804965000000.0,2.47537231445,8.0841217041,-41.4080696106,2802629000000.0,5.61248779297,-0.270523071289,-34.039264679,2804433000000.0,10.0263671875,3.13664245605,-43.8274650574,2840409000000,22.4768676758,-7.43341064453,-40.8474235535
2826521000000.0,0.215576171875,0.598373413086,-32.7389373779,2801313000000.0,8.13616943359,-5.7667388916,-36.8087730408,2805061000000.0,2.27426147461,7.30656433105,-41.4721221924,2802773000000.0,4.73184204102,0.0497131347656,-34.139175415,2804577000000.0,9.62460327148,3.5080871582,-43.9330062866,2840505000000,21.9992370605,-7.01719665527,-40.881072998
2826601000000.0,-0.116607666016,0.742492675781,-32.8675994873,2801437000000.0,7.21237182617,-5.74940490723,-36.1678543091,2805157000000.0,1.41247558594,8.01782226562,-40.5847396851,2802853000000.0,3.85116577148,0.36994934082,-34.2390899658,2804669000000.0,9.22286987305,3.87953186035,-44.0385513306,2840589000000,21.5926513672,-6.0051574707,-42.4471473694
2826757000000.0,-1.38748168945,0.432800292969,-33.4093360901,2801521000000.0,6.26473999023,-5.6222076416,-36.0614776611,2805261000000.0,1.1549987793,7.28021240234,-40.9482078552,2802933000000.0,2.97052001953,0.690185546875,-34.3390007019,2804765000000.0,8.82113647461,4.2509765625,-44.1440925598,2840673000000,21.1210021973,-5.53848266602,-42.5586242676
2826841000000.0,-2.38980102539,0.572265625,-33.7416801453,2801521000000.0,5.24710083008,-5.57635498047,-37.8376960754,2805361000000.0,0.602905273438,7.09394836426,-41.3952064514,2803029000000.0,4.07641601562,1.73883056641,-36.1564407349,2804845000000.0,8.41940307617,4.62242126465,-44.2496376038,2840793000000,20.7477111816,-5.07942199707,-42.128780365
2826929000000.0,-3.2356262207,0.781112670898,-33.7999572754,2801661000000.0,5.06286621094,-5.49871826172,-37.937877655,2805457000000.0,-0.346557617188,7.86419677734,-40.6870040894,2803137000000.0,3.33389282227,2.10971069336,-36.3321914673,2804969000000.0,7.27938842773,4.4722442627,-42.1577796936,2840881000000,20.2844848633,-4.61338806152,-42.2128868103
2827017000000.0,-4.95892333984,0.609405517578,-33.5909423828,2801753000000.0,3.88174438477,-4.55236816406,-37.1582679749,2805553000000.0,-0.604156494141,6.87284851074,-40.9973144531,2803237000000.0,2.59140014648,2.4806060791,-36.5079460144,2805041000000.0,6.82406616211,4.80584716797,-42.1754379272,2841013000000,19.8212890625,-4.14736938477,-42.2969932556
2827101000000.0,-5.32766723633,0.967346191406,-33.7230911255,2801841000000.0,3.67578125,-5.05107116699,-37.4825210571,2805645000000.0,-0.496154785156,6.47566223145,-40.5334014893,2803345000000.0,3.06823730469,3.06956481934,-38.1626968384,2805181000000.0,7.16415405273,4.05754089355,-41.5788078308,2841097000000,19.3580627441,-3.68133544922,-42.3810997009
2827241000000.0,-6.15139770508,1.04382324219,-33.7234268188,2801917000000.0,3.30850219727,-5.06225585938,-37.4720687866,2805741000000.0,-1.5380859375,6.11933898926,-40.6835632324,2803445000000.0,2.42373657227,3.45797729492,-38.4027938843,2805253000000.0,6.77490234375,4.30128479004,-41.5713996887,2841185000000,18.8948669434,-3.21530151367,-42.4652061462
2827333000000.0,-7.2698059082,1.18940734863,-34.0309677124,2802053000000.0,2.65994262695,-4.72575378418,-37.3177070618,2805889000000.0,-1.55590820312,5.88403320312,-42.2539672852,2803533000000.0,2.68170166016,3.07528686523,-40.7441291809,2805361000000.0,6.38565063477,4.54504394531,-41.5639915466,2841285000000,17.2485656738,-1.8434753418,-41.5747871399
2827401000000.0,-7.37783813477,1.93479919434,-33.8835945129,2802145000000.0,2.05853271484,-4.5217590332,-37.4209060669,2805969000000.0,-2.58679199219,5.51899719238,-42.2568435669,2803637000000.0,2.3525390625,3.30671691895,-41.8034095764,2805457000000.0,5.99639892578,4.7887878418,-41.5565834045,2841377000000,16.6952819824,-1.30847167969,-41.6114616394
2827401000000.0,-6.04843139648,2.11961364746,-33.6849212646,2802213000000.0,1.58041381836,-4.35502624512,-37.4845085144,2806057000000.0,-3.26846313477,5.3984375,-42.2051200867,2803745000000.0,1.80596923828,3.62139892578,-42.1681213379,2805549000000.0,5.6071472168,5.03253173828,-41.5491752625,2841473000000,16.1419677734,-0.773468017578,-41.6481399536
2827501000000.0,-7.65893554688,1.93580627441,-33.6020927429,2802309000000.0,1.06909179688,-4.09704589844,-37.3647880554,2806161000000.0,-3.41555786133,5.36949157715,-42.0995521545,2803841000000.0,1.25939941406,3.93609619141,-42.5328292847,2805645000000.0,5.21789550781,5.27627563477,-41.5417671204,2841585000000,15.588684082,-0.238464355469,-41.6848182678
2827601000000.0,-7.11077880859,2.23956298828,-33.5383682251,2802409000000.0,0.477996826172,-3.74412536621,-37.3408088684,2806265000000.0,-4.76068115234,5.01571655273,-42.475479126,2803941000000.0,0.712829589844,4.25079345703,-42.8975410461,2805741000000.0,5.77465820312,2.71450805664,-47.8084259033,2841681000000,15.035369873,0.296524047852,-41.721496582
2827697000000.0,-9.10894775391,2.15087890625,-33.6886749268,2802497000000.0,-0.13525390625,-3.44207763672,-37.1893081665,2806269000000.0,-5.66186523438,5.02890014648,-40.7923545837,2804041000000.0,0.166229248047,4.56549072266,-43.2622489929,2805853000000.0,5.36978149414,3.20805358887,-47.3980178833,2841773000000,14.4820861816,0.831527709961,-41.7581710815
2827793000000.0,-12.2866516113,4.1091003418,-33.3309822083,2802497000000.0,0.296966552734,-3.3863067627,-36.1333198547,2806365000000.0,-6.02517700195,5.02603149414,-40.9455718994,2804137000000.0,-0.380340576172,4.88018798828,-43.6269607544,2805941000000.0,5.04293823242,3.28366088867,-47.6280403137,2841921000000,14.7242126465,-0.386016845703,-40.1814994812
2827941000000.0,-14.156829834,5.4817199707,-31.6598262787,2802601000000.0,-1.40200805664,-2.56408691406,-36.0903701782,2806485000000.0,-6.78335571289,5.10006713867,-41.2509765625,2804281000000.0,-0.926910400391,5.19486999512,-43.9916725159,2806045000000.0,4.7160949707,3.35926818848,-47.8580627441,2842001000000,14.8090515137,0.0195617675781,-40.2359275818
2828017000000.0,-12.6188354492,3.63305664062,-31.5189037323,2802709000000.0,-1.31948852539,-2.88256835938,-36.0505943298,2806557000000.0,-7.82299804688,4.62698364258,-41.3413009644,2804361000000.0,-1.47348022461,5.50956726074,-44.3563804626,2806149000000.0,4.38922119141,3.43487548828,-48.0880851746,2842137000000,14.3612365723,0.427581787109,-40.2035446167
2828097000000.0,-14.6114807129,3.06866455078,-31.7823257446,2802857000000.0,-1.48712158203,-2.97039794922,-35.7545585632,2806689000000.0,-9.63909912109,5.48629760742,-41.3237075806,2804497000000.0,0.0864562988281,4.22302246094,-8.15915393829,2806257000000.0,4.06237792969,3.51048278809,-48.318107605,2842213000000,13.9133911133,0.835586547852,-40.1711616516
2828205000000.0,-15.1562194824,2.88032531738,-31.7156829834,2802945000000.0,-1.97592163086,-2.7061920166,-35.7981109619,2806761000000.0,-10.7641601562,5.67411804199,-41.3379478455,2804577000000.0,-0.316864013672,4.42880249023,-6.89436864853,2806413000000.0,3.73553466797,3.58609008789,-48.5481300354,2842289000000,14.8065185547,0.702926635742,-40.2278175354
2828337000000.0,-18.228515625,4.2855682373,-30.8120536804,2803029000000.0,-3.31137084961,-1.23284912109,-33.1278114319,2806889000000.0,-10.2839660645,4.96875,-41.4634056091,2804661000000.0,0.0838623046875,4.05110168457,-17.5363311768,2806489000000.0,3.71194458008,3.42301940918,-47.2978134155,2842433000000,14.3057861328,1.02616882324,-40.2941627502
2828417000000.0,-20.1813354492,4.48571777344,-30.6235942841,2803101000000.0,-3.98016357422,-0.970626831055,-32.914516449,2806889000000.0,-11.5362243652,5.31228637695,-41.4766616821,2804745000000.0,1.5915222168,3.95793151855,-26.0832290649,2806573000000.0,3.40744018555,3.48104858398,-47.4621238708,2842505000000,14.0751953125,1.15869140625,-39.900642395
2828553000000.0,-18.556854248,2.46153259277,-30.9126911163,2803229000000.0,-3.93856811523,-1.7455291748,-33.0666351318,2806965000000.0,-12.313079834,5.26679992676,-41.4692115784,2804873000000.0,1.41552734375,4.0940246582,-25.7661380768,2806653000000.0,3.77185058594,3.32162475586,-43.5712127686,2842601000000,13.7353820801,1.49784851074,-39.8593215942
2828637000000.0,-21.0982055664,3.90690612793,-30.8683109283,2803317000000.0,-4.15264892578,-1.43359375,-33.3594818115,2807101000000.0,-13.5635070801,5.43821716309,-41.5770797729,2804953000000.0,0.423217773438,3.12985229492,-28.9039535522,2806773000000.0,3.52279663086,3.36161804199,-43.553817749,2842729000000,12.6150817871,2.39059448242,-39.092590332
2828717000000.0,-19.9590454102,2.24185180664,-31.2411575317,2803453000000.0,-5.27688598633,-1.10389709473,-34.2356300354,2807185000000.0,-14.0261230469,5.57569885254,-40.8366012573,2804953000000.0,-0.408264160156,3.70443725586,-31.2564945221,2806857000000.0,3.27374267578,3.40162658691,-43.5364227295,2842821000000,12.2070617676,2.77813720703,-39.0159454346
2828841000000.0,-18.8516235352,1.3182220459,-31.458278656,2803453000000.0,-4.78765869141,-1.01286315918,-34.0211906433,2807273000000.0,-14.5275268555,5.73481750488,-40.3990821838,2805097000000.0,-0.576141357422,3.54679870605,-33.7135543823,2806997000000.0,1.37969970703,2.68518066406,-42.0762901306,2842901000000,12.6713256836,2.38102722168,-39.4814300537
2828917000000.0,-18.4719848633,0.460388183594,-31.5744571686,2803537000000.0,-5.74169921875,-1.0258026123,-34.5013237,2807361000000.0,-15.0702209473,5.57377624512,-38.5906639099,2805177000000.0,-0.863830566406,3.61224365234,-33.7965316772,2807069000000.0,0.99462890625,2.66262817383,-41.9928588867,2843009000000,12.0486450195,3.23443603516,-38.9132385254
2829065000000.0,-18.185760498,-0.131774902344,-32.0844688416,2803625000000.0,-6.61456298828,-1.17808532715,-34.9260406494,2807489000000.0,-15.607635498,5.6672668457,-38.6853904724,2805257000000.0,-1.36215209961,2.69221496582,-34.2462043762,2807161000000.0,-0.508178710938,3.31517028809,-41.5765686035,2843133000000,12.4055480957,2.72988891602,-39.0719566345
2829149000000.0,-20.2329711914,1.64851379395,-31.9284000397,2803725000000.0,-7.33404541016,-1.22613525391,-35.5758056641,2807565000000.0,-15.6376953125,4.18273925781,-39.4076080322,2805393000000.0,-1.66830444336,2.67135620117,-34.3476676941,2807257000000.0,-1.25845336914,2.78103637695,-41.0018196106,2843233000000,12.3991699219,2.7802734375,-39.3092880249
2829233000000.0,-17.2338562012,0.12922668457,-31.9662151337,2803817000000.0,-7.99087524414,-1.09840393066,-35.7056808472,2807685000000.0,-15.1307373047,3.80418395996,-39.730594635,2805465000000.0,-3.30499267578,3.37982177734,-36.039894104,2807369000000.0,-1.76260375977,2.76574707031,-40.8804016113,2843309000000,12.4297485352,2.84533691406,-39.5634803772
2829313000000.0,-16.1135559082,-0.633728027344,-32.0537872314,2803925000000.0,-8.76327514648,-0.878234863281,-35.9489555359,2807757000000.0,-15.9504394531,3.30479431152,-40.1785392761,2805557000000.0,-3.72598266602,3.42190551758,-36.2233467102,2807453000000.0,-2.17059326172,2.47817993164,-41.6450004578,2843409000000,12.1886291504,3.09428405762,-39.53150177
2829433000000.0,-15.3072814941,-0.543304443359,-31.8886966705,2804033000000.0,-8.52624511719,-0.46549987793,-35.8083724976,2807873000000.0,-16.583190918,2.79486083984,-40.5454788208,2805649000000.0,-4.14144897461,3.55665588379,-37.4175949097,2807573000000.0,-2.66635131836,2.43919372559,-41.5668182373,2843497000000,11.5855712891,3.09056091309,-39.1787757874
2829533000000.0,-16.977722168,1.84001159668,-31.0185871124,2804109000000.0,-8.6594543457,-0.178970336914,-35.6913490295,2807957000000.0,-17.21484375,2.19836425781,-40.2259979248,2805749000000.0,-4.56195068359,3.60670471191,-37.6537246704,2807665000000.0,-3.162109375,2.40020751953,-41.4886322021,2843605000000,11.3541870117,3.13771057129,-39.1714172363
2829625000000.0,-16.895324707,2.96655273438,-30.6231422424,2804245000000.0,-9.62484741211,0.0819396972656,-35.7374839783,2808093000000.0,-18.1976623535,1.81526184082,-41.6036300659,2805881000000.0,-5.2409362793,2.42344665527,-38.5086402893,2807797000000.0,-3.65789794922,2.36122131348,-41.4104499817,2843705000000,11.085144043,3.34867858887,-39.124332428
2829725000000.0,-16.7961120605,3.80879211426,-29.2186031342,2804325000000.0,-10.6249694824,1.65223693848,-34.2351074219,2808169000000.0,-17.8655700684,1.57232666016,-41.5874252319,2805961000000.0,-5.68362426758,2.36766052246,-38.7771492004,2807885000000.0,-3.7473449707,2.30911254883,-41.4538269043,2843801000000,10.8161315918,3.55964660645,-39.0772438049
2829825000000.0,-13.5444946289,2.01335144043,-29.6993808746,2804461000000.0,-10.0350036621,1.00317382812,-34.5536231995,2808249000000.0,-18.4030456543,1.31056213379,-41.6254615784,2806101000000.0,-6.12631225586,2.31187438965,-39.0456581116,2807885000000.0,-3.40234375,2.19229125977,-40.1394996643,2843889000000,10.547088623,3.77061462402,-39.0301551819
2829933000000.0,-12.2222900391,1.28977966309,-30.1145820618,2804537000000.0,-10.1575927734,0.867584228516,-34.869304657,2808353000000.0,-18.9405517578,1.04879760742,-41.6634979248,2806169000000.0,-6.56900024414,2.25608825684,-39.3141670227,2807965000000.0,-3.79681396484,2.14570617676,-40.0056343079,2843989000000,10.2780761719,3.98159790039,-38.9830665588
2829933000000.0,-9.80764770508,3.23394775391,-30.4058532715,2804617000000.0,-10.4613037109,1.08930969238,-35.2234840393,2808449000000.0,-20.0463562012,1.30778503418,-41.413860321,2806293000000.0,-7.01168823242,2.20030212402,-39.5826759338,2808069000000.0,-4.19128417969,2.09912109375,-39.8717727661,2844085000000,9.62203979492,4.14363098145,-39.4411239624
2830041000000.0,-13.1509094238,3.85260009766,-30.4403362274,2804713000000.0,-10.9526062012,0.608001708984,-34.8630371094,2808593000000.0,-20.2286071777,1.3543548584,-40.9171905518,2806369000000.0,-6.06246948242,2.00378417969,-40.4692878723,2808169000000.0,-5.51977539062,2.67874145508,-40.5336380005,2844245000000,9.63043212891,4.09539794922,-38.6968421936
2830173000000.0,-10.2312316895,1.06896972656,-30.8955173492,2804869000000.0,-11.3941345215,0.736450195312,-34.8248901367,2808673000000.0,-20.5576171875,1.29637145996,-41.2549591064,2806501000000.0,-6.39926147461,1.93728637695,-40.7688751221,2808265000000.0,-4.96127319336,1.69630432129,-40.8735618591,2844337000000,10.2182006836,4.13697814941,-37.7620353699
2830273000000.0,-8.68817138672,-0.0814971923828,-31.2186450958,2804957000000.0,-12.2266540527,2.32531738281,-37.1916046143,2808753000000.0,-21.4638366699,1.4836730957,-41.1377334595,2806581000000.0,-6.73608398438,1.87080383301,-41.0684661865,2808369000000.0,-5.34371948242,1.61581420898,-40.8013000488,2844417000000,9.86029052734,4.32183837891,-38.0429458618
2830365000000.0,-8.56658935547,-0.449234008789,-31.5830345154,2805033000000.0,-10.0991516113,1.85968017578,-36.5378570557,2808901000000.0,-21.9297180176,1.97654724121,-40.516872406,2806661000000.0,-6.61944580078,1.57554626465,-41.9204902649,2808465000000.0,-5.72613525391,1.53533935547,-40.7290344238,2844497000000,9.13027954102,4.28062438965,-38.3691062927
2830449000000.0,-8.00897216797,-1.56918334961,-31.6905441284,2805133000000.0,-11.4996643066,1.68695068359,-36.8464927673,2808901000000.0,-22.5264892578,2.87846374512,-40.5431900024,2806761000000.0,-7.44204711914,1.06318664551,-42.6457481384,2808561000000.0,-6.10858154297,1.45484924316,-40.6567687988,2844621000000,9.21136474609,4.96055603027,-38.8665237427
2830533000000.0,-10.5836791992,0.150283813477,-31.5610580444,2805237000000.0,-11.2342529297,1.69989013672,-37.012424469,2808993000000.0,-22.5492248535,3.56280517578,-40.0891685486,2806869000000.0,-7.78726196289,0.941360473633,-42.9917564392,2808661000000.0,-6.45834350586,2.30094909668,-40.8175125122,2844705000000,9.39056396484,4.62800598145,-39.2078781128
2830677000000.0,-8.14364624023,-2.73399353027,-31.8037891388,2805321000000.0,-11.7081298828,1.35437011719,-37.2331199646,2809085000000.0,-22.1465759277,2.3462677002,-40.5621185303,2806961000000.0,-8.54119873047,0.751846313477,-43.179019928,2808761000000.0,-6.8381652832,2.29443359375,-40.7569084167,2844793000000,8.46893310547,4.97984313965,-38.9127998352
2830773000000.0,-7.24612426758,-3.7679901123,-32.0111541748,2805469000000.0,-11.0812988281,1.1848449707,-35.6929283142,2809165000000.0,-22.1664428711,2.31353759766,-40.8443107605,2807065000000.0,-8.92184448242,0.624145507812,-43.5172424316,2808901000000.0,-7.60852050781,2.59161376953,-40.4479560852,2844893000000,8.21206665039,5.15153503418,-38.8851890564
2830853000000.0,-10.0085144043,-1.41293334961,-32.1646156311,2805557000000.0,-11.306427002,1.26188659668,-35.6851959229,2809289000000.0,-22.0532531738,2.48826599121,-41.2338218689,2807161000000.0,-9.36135864258,0.453796386719,-43.8358764648,2808981000000.0,-7.5263671875,2.90533447266,-40.7288970947,2844997000000,7.95523071289,5.3232421875,-38.8575744629
2830925000000.0,-10.6975708008,0.701019287109,-30.9472389221,2805637000000.0,-13.3348083496,0.764724731445,-36.2282562256,2809353000000.0,-21.8111877441,2.15447998047,-41.6829490662,2807257000000.0,-9.76733398438,0.358169555664,-43.3223381042,2809113000000.0,-7.89562988281,2.95021057129,-40.6735992432,2845085000000,8.74395751953,5.37982177734,-37.7081832886
2831129000000.0,-10.3293457031,1.22856140137,-29.6805706024,2805721000000.0,-14.2312927246,0.542266845703,-36.4229125977,2809481000000.0,-21.7337036133,3.41914367676,-41.9348945618,2807361000000.0,-10.1548461914,0.229965209961,-43.6172294617,2809193000000.0,-8.32266235352,3.34829711914,-41.0461273193,2845233000000,7.47647094727,6.66021728516,-37.6739044189
2831217000000.0,-10.1607666016,1.10050964355,-28.9069271088,2805861000000.0,-14.9822692871,0.22038269043,-36.5233459473,2809561000000.0,-21.5093688965,2.1584777832,-42.1536026001,2807449000000.0,-10.4363098145,0.101348876953,-43.6286392212,2809273000000.0,-8.30157470703,3.61880493164,-41.1420440674,2845325000000,7.75128173828,6.46070861816,-38.0832061768
2831301000000.0,-10.1056213379,1.40171813965,-29.0421276093,2805861000000.0,-15.932220459,-0.0467224121094,-36.6536903381,2809693000000.0,-20.9161376953,1.54454040527,-42.1696014404,2807673000000.0,-11.1569519043,0.0664825439453,-42.0374031067,2809393000000.0,-8.32366943359,3.90803527832,-41.2999458313,2845417000000,7.53442382812,6.67916870117,-38.0242805481
2831381000000.0,-6.47326660156,-1.69728088379,-29.3841285706,2806105000000.0,-16.4739379883,-0.0380859375,-36.4042854309,2809785000000.0,-20.5000610352,1.25947570801,-42.2922744751,2807757000000.0,-11.5972290039,0.0731506347656,-42.3571815491,2809485000000.0,-6.91189575195,3.77674865723,-41.356880188,2845513000000,7.97189331055,7.08985900879,-38.6642074585
2831465000000.0,-4.74261474609,-3.32801818848,-30.0703048706,2806181000000.0,-16.992401123,0.239776611328,-36.3314437866,2809785000000.0,-21.8583984375,2.67269897461,-42.2105331421,2807849000000.0,-12.0087280273,-0.0354461669922,-42.5491142273,2809577000000.0,-8.49444580078,4.79632568359,-40.6349182129,2845621000000,7.81192016602,7.32501220703,-38.6433792114
2831545000000.0,-2.74240112305,-3.94592285156,-30.2729701996,2806181000000.0,-18.9523620605,1.52169799805,-36.3686141968,2809861000000.0,-20.6454467773,1.3850402832,-42.2806587219,2807981000000.0,-13.1517028809,-0.317047119141,-42.7092132568,2809669000000.0,-9.24179077148,4.35667419434,-40.5567855835,2845717000000,7.65191650391,7.56018066406,-38.6225547791
2831669000000.0,-1.02429199219,-4.92602539062,-30.53540802,2806257000000.0,-19.1901855469,1.64239501953,-35.8712043762,2809957000000.0,-20.0985717773,0.763244628906,-42.4126091003,2808081000000.0,-13.0083007812,-0.524536132812,-42.6337814331,2809669000000.0,-8.40734863281,4.09902954102,-40.0860862732,2845845000000,7.49194335938,7.7953338623,-38.601726532
2831773000000.0,0.609985351562,-5.86123657227,-30.8527736664,2806257000000.0,-17.9106140137,1.21771240234,-35.2200012207,2810049000000.0,-19.4334411621,0.244293212891,-43.1096420288,2808165000000.0,-13.4324035645,-0.152252197266,-42.0511932373,2809793000000.0,-9.59252929688,4.85977172852,-40.018989563,2845937000000,7.34783935547,7.52488708496,-39.4734268188
2831849000000.0,-2.06979370117,-2.37246704102,-28.8401832581,2806481000000.0,-17.6607971191,1.28379821777,-35.3625106812,2810189000000.0,-18.4852905273,-0.800964355469,-44.0853691101,2808313000000.0,-13.8530883789,-0.238143920898,-42.1867179871,2809881000000.0,-9.73364257812,4.44667053223,-40.5767021179,2846013000000,6.33172607422,8.22007751465,-39.5398712158
2831921000000.0,0.493865966797,-4.96876525879,-29.2229747772,2806577000000.0,-16.9065246582,1.39532470703,-34.9071464539,2810265000000.0,-18.36328125,-1.06257629395,-44.2339477539,2808397000000.0,-13.8800048828,-0.575225830078,-42.3841018677,2809981000000.0,-10.5540161133,4.00495910645,-39.8615341187,2846117000000,6.69165039062,8.03816223145,-39.9149932861
2832069000000.0,-0.772674560547,-2.67811584473,-29.8242607117,2806669000000.0,-16.7604370117,1.72799682617,-35.1706809998,2810389000000.0,-18.2412719727,-1.32420349121,-44.382522583,2808477000000.0,-13.8630371094,-0.630828857422,-42.3884811401,2810065000000.0,-10.3826293945,4.42144775391,-40.0555076599,2846117000000,7.42700195312,8.06636047363,-40.0329856873
2832181000000.0,0.373413085938,-3.98745727539,-29.987827301,2806753000000.0,-16.9914855957,1.81578063965,-35.1308860779,2810469000000.0,-17.8318786621,-1.37603759766,-44.2160415649,2808601000000.0,-14.9217834473,0.192474365234,-41.9176216125,2810185000000.0,-10.3866577148,4.68347167969,-40.0827713013,2846221000000,6.93453979492,7.89897155762,-40.4605522156
2832181000000.0,-2.45272827148,-1.2021484375,-28.7980232239,,,,,2810597000000.0,-17.5111999512,-1.59426879883,-44.0847625732,2808677000000.0,-15.3359680176,0.172439575195,-42.016254425,2810269000000.0,-10.5262451172,4.72476196289,-40.2080116272,2846313000000,6.70416259766,7.71455383301,-40.664100647
2832273000000.0,-0.790557861328,-3.50923156738,-29.2170963287,,,,,2810669000000.0,-17.3500671387,-1.83613586426,-44.2008781433,2808809000000.0,-15.4494934082,-1.0064239502,-42.1542510986,2810389000000.0,-10.7829589844,4.81568908691,-40.1613082886,2846417000000,7.37973022461,7.51922607422,-39.9731140137
2832353000000.0,-0.619232177734,-3.72264099121,-29.5956764221,,,,,2810805000000.0,-17.1889343262,-2.07800292969,-44.3169975281,2808889000000.0,-15.5146179199,0.401229858398,-41.2119369507,2810469000000.0,-10.9660339355,5.30500793457,-40.9103279114,2846569000000,7.82397460938,7.43846130371,-39.5852546692
,,,,,,,,2810905000000.0,-16.4254455566,-2.07508850098,-44.0240058899,2808973000000.0,-15.1399536133,-0.549163818359,-41.5077934265,2810593000000.0,-11.2163391113,5.43060302734,-40.9093399048,2846665000000,7.49151611328,7.5472869873,-40.2525177002
,,,,,,,,2810981000000.0,-17.7048950195,-0.795059204102,-44.8270339966,2809069000000.0,-15.1109313965,-1.18489074707,-40.600440979,2810677000000.0,-12.0444030762,7.01878356934,-40.9459457397,2846741000000,7.44207763672,7.6280670166,-40.3011665344
,,,,,,,,2811081000000.0,-16.5955505371,-1.97451782227,-44.4612922668,2809161000000.0,-15.2574768066,-1.08689880371,-41.1938781738,2810793000000.0,-12.3633117676,7.31121826172,-40.807800293,2846841000000,7.50360107422,8.12333679199,-40.5066413879
,,,,,,,,2811169000000.0,-17.6297912598,-0.811645507812,-44.8939819336,2809257000000.0,-14.9401855469,-1.1085357666,-24.9878349304,2810869000000.0,-11.8889160156,7.24374389648,-40.89868927,2846941000000,7.00900268555,7.90603637695,-40.9558372498
,,,,,,,,2811309000000.0,-16.5306091309,-2.00512695312,-44.5791473389,2809349000000.0,-15.0893859863,-1.09072875977,-27.2767715454,2810997000000.0,-11.9615478516,7.32524108887,-40.9704055786,2847049000000,7.5387878418,7.78065490723,-41.1284637451
,,,,,,,,2811385000000.0,-15.9430541992,-2.46430969238,-44.5042076111,2809505000000.0,-15.2131958008,0.385437011719,-28.2770690918,2811073000000.0,-11.9549560547,7.56069946289,-41.0526809692,2847137000000,7.44989013672,7.8497467041,-41.1990737915
,,,,,,,,2811469000000.0,-17.0255737305,-1.39126586914,-42.722454071,2809601000000.0,-15.0344848633,-0.405731201172,-30.5660552979,2811265000000.0,-11.9542236328,7.65420532227,-41.1572265625,2847261000000,6.92565917969,8.81211853027,-40.6636924744
,,,,,,,,2811569000000.0,-15.8277282715,-2.76553344727,-42.7662010193,2809601000000.0,-14.0204467773,-0.60920715332,-31.4719219208,2811353000000.0,-12.037902832,7.71481323242,-41.470199585,2847333000000,6.68896484375,9.27961730957,-40.2480621338
,,,,,,,,2811669000000.0,-14.3299560547,-4.76107788086,-44.580657959,2809685000000.0,-15.056640625,0.871322631836,-32.6232833862,2811433000000.0,-12.1184997559,7.88053894043,-41.6730194092,2847509000000,7.10659790039,8.70697021484,-40.3096733093
,,,,,,,,2811769000000.0,-14.0289611816,-5.12059020996,-44.6724357605,2809785000000.0,-15.2919616699,0.114868164062,-33.5298805237,2811525000000.0,-12.2996826172,8.28605651855,-41.7420043945,2847585000000,5.82583618164,9.60771179199,-40.1806488037
,,,,,,,,2811869000000.0,-13.727935791,-5.48008728027,-44.7642173767,2809861000000.0,-16.0987854004,1.09088134766,-33.3116073608,2811613000000.0,-12.7557678223,8.38313293457,-41.8723182678,2847661000000,5.66989135742,9.78909301758,-40.1967086792
,,,,,,,,2811965000000.0,-15.5866394043,-3.20761108398,-43.6986923218,2809973000000.0,-16.3072814941,1.19941711426,-33.1068382263,2811613000000.0,-13.7221984863,9.31246948242,-41.6376724243,2847745000000,7.77203369141,9.11140441895,-40.2324409485
,,,,,,,,2812061000000.0,-15.7489318848,-2.93367004395,-43.1377983093,2810109000000.0,-15.3377075195,0.796920776367,-34.4041442871,2811693000000.0,-13.3356323242,8.76313781738,-41.8324394226,2847845000000,9.08334350586,8.68081665039,-39.7271308899
,,,,,,,,2812165000000.0,-14.4488220215,-3.8484954834,-42.9353408813,2810197000000.0,-15.4437561035,0.86100769043,-34.2854232788,2811765000000.0,-13.1629638672,8.80345153809,-41.9596366882,2847945000000,8.91662597656,8.63731384277,-39.9483375549
,,,,,,,,2812301000000.0,-15.3449707031,-2.16407775879,-41.8956413269,2810273000000.0,-16.8716125488,0.843063354492,-36.2001800537,2811885000000.0,-12.7277832031,8.68280029297,-41.6656951904,2848033000000,8.84606933594,8.7646484375,-40.2717247009
,,,,,,,,2812381000000.0,-14.1662597656,-3.27467346191,-41.8266563416,2810273000000.0,-23.3140869141,0.226104736328,-37.8418045044,2811985000000.0,-13.2819213867,8.76953125,-41.8103065491,2848129000000,8.9045715332,8.7603302002,-40.5373840332
,,,,,,,,2812381000000.0,-15.0501708984,-3.91766357422,-40.622253418,2810377000000.0,-20.2254638672,2.1431427002,-37.5299873352,2812109000000.0,-12.5164489746,9.17990112305,-41.8189620972,2848277000000,9.2151184082,8.69255065918,-40.7661437988
,,,,,,,,2812505000000.0,-14.0749206543,-3.86700439453,-40.8488273621,2810493000000.0,-20.6479797363,2.31259155273,-37.5958175659,2812205000000.0,-13.1617126465,9.54046630859,-41.9298095703,2848349000000,10.445098877,8.39421081543,-40.7712745667
,,,,,,,,2812581000000.0,-13.6921691895,-3.96142578125,-41.1048431396,2810577000000.0,-21.0704956055,2.48204040527,-37.6616439819,,,,,2848481000000,10.0202636719,8.55767822266,-40.9680099487
,,,,,,,,2812741000000.0,-14.4287414551,-2.30784606934,-40.2988319397,2810733000000.0,-18.7543029785,2.20213317871,-38.9471282959,,,,,2848561000000,9.72305297852,8.59777832031,-42.3805999756
,,,,,,,,2812829000000.0,-15.0445251465,-1.37785339355,-39.967338562,2810805000000.0,-17.8946533203,2.64370727539,-39.9311103821,,,,,2848685000000,9.55563354492,8.46963500977,-42.5507240295
,,,,,,,,,,,,,,,,,,,,2848685000000,9.65100097656,8.48109436035,-42.6815834045
,,,,,,,,,,,,,,,,,,,,2848857000000,10.400177002,8.68502807617,-42.5376434326
,,,,,,,,,,,,,,,,,,,,2848969000000,9.33639526367,8.77835083008,-42.7585258484
,,,,,,,,,,,,,,,,,,,,2849053000000,9.10656738281,9.78877258301,-41.2393188477
,,,,,,,,,,,,,,,,,,,,2849177000000,10.345916748,9.04183959961,-40.8073692322
,,,,,,,,,,,,,,,,,,,,2849177000000,11.9499206543,8.82600402832,-41.5659751892
,,,,,,,,,,,,,,,,,,,,2849249000000,11.7157897949,8.42613220215,-41.7238121033
,,,,,,,,,,,,,,,,,,,,2849381000000,12.5970458984,7.8902130127,-41.8185653687
,,,,,,,,,,,,,,,,,,,,2849457000000,13.3577880859,7.07292175293,-41.9942512512
,,,,,,,,,,,,,,,,,,,,2849597000000,13.2803344727,7.60760498047,-41.9581947327
,,,,,,,,,,,,,,,,,,,,2849677000000,13.2243347168,7.69036865234,-41.8516464233
,,,,,,,,,,,,,,,,,,,,2849677000000,12.7341003418,7.28678894043,-42.0110206604
,,,,,,,,,,,,,,,,,,,,2849905000000,13.0363769531,6.90675354004,-42.8179893494
,,,,,,,,,,,,,,,,,,,,2849997000000,13.6080627441,6.705078125,-41.241191864
,,,,,,,,,,,,,,,,,,,,2850065000000,13.375793457,8.20153808594,-41.1151504517
,,,,,,,,,,,,,,,,,,,,2850153000000,11.115020752,10.715133667,-40.4925079346
,,,,,,,,,,,,,,,,,,,,2850265000000,11.3905334473,10.2738189697,-41.5929679871
,,,,,,,,,,,,,,,,,,,,2850361000000,10.1565551758,12.0967102051,-40.7737998962
