ORB_detection_left_height,ORB_kalman_left_height,ORB_detection_right_height,ORB_kalman_right_height,ORB_detection_top_width,ORB_kalman_top_width,ORB_detection_bottom_width,ORB_kalman_bottom_width,ORB_detection_angle,ORB_kalman_angle,ORB_detection_center_x,ORB_kalman_center_x,ORB_detection_center_y,ORB_kalman_center_y,SIFT_detection_left_height,SIFT_kalman_left_height,SIFT_detection_right_height,SIFT_kalman_right_height,SIFT_detection_top_width,SIFT_kalman_top_width,SIFT_detection_bottom_width,SIFT_kalman_bottom_width,SIFT_detection_angle,SIFT_kalman_angle,SIFT_detection_center_x,SIFT_kalman_center_x,SIFT_detection_center_y,SIFT_kalman_center_y,SURF_detection_left_height,SURF_kalman_left_height,SURF_detection_right_height,SURF_kalman_right_height,SURF_detection_top_width,SURF_kalman_top_width,SURF_detection_bottom_width,SURF_kalman_bottom_width,SURF_detection_angle,SURF_kalman_angle,SURF_detection_center_x,SURF_kalman_center_x,SURF_detection_center_y,SURF_kalman_center_y
88.5319,15.4744,89.542,14.4643,88.514,15.3069,88.8118,15.0091,2.4587,11.5925,311.885,1.6721,244.195,0.5372,1.968,2.5591,1.4714,5.314,0.4206,2.4529,2.2771,4.7591,0.2506,1.6053,24.3975,24.5733,29.9102,34.3681,108.0345,108.0345,43.5302,43.5302,43.72,43.72,56.5072,56.5072,179.0874,179.0874,343.9625,343.9625,242.43,242.43
10.018,10.7784,11.7335,19.0229,10.4904,8.3775,2.6372,8.9242,3.255,10.284,0.769,0.7396,2.3542,2.3713,4.7511,4.7464,6.7576,4.2419,2.8774,3.3221,2.7782,2.5606,0.6978,3.0297,1.9004,14.4452,0.5053,21.9919,44.6942,44.6942,43.4693,43.4693,44.2441,44.2441,43.5946,43.5946,3.7747,3.7747,302.6025,302.6025,223.2375,223.2375
90.9856,8.5396,92.0653,7.4599,92.4175,6.1427,92.4449,6.1153,1.7853,4.4498,309.75,1.4408,242.97,1.1936,0.2527,4.53,1.468,3.812,2.3681,3.7567,0.361,2.2051,0.3476,1.8077,0.8398,1.0072,1.2366,0.4958,42.8192,42.8192,43.3431,43.3431,43.276,43.276,43.353,43.353,7.6217,7.6217,331.2325,331.2325,255.3275,255.3275
93.327,3.9292,93.81,3.4462,93.3225,2.3811,95.1117,0.592,1.223,3.1798,309.09,0.9534,242.545,0.1295,55.9386,6.1713,56.4603,5.6497,56.4546,2.0215,57.1739,1.3022,1.2628,0.5536,318.1975,0.1008,252.81,0.4479,42.3486,42.3486,39.9326,39.9326,43.7157,43.7157,42.9613,42.9613,7.436,7.436,334.8275,334.8275,250.775,250.775
11.9053,3.3291,0.56,3.3399,10.5478,1.3839,8.6227,0.3739,2.3792,3.57,0.0095,0.5322,0.3398,0.204,11.8562,6.5038,0.149,6.1506,3.9812,2.7734,10.0771,2.4211,8.0872,0.0576,0.3223,0.8852,0.225,0.2337,43.3647,43.3647,41.7731,41.7731,43.0441,43.0441,42.709,42.709,4.0952,4.0952,311.6825,311.6825,242.475,242.475
96.393,2.2003,96.8813,1.712,98.6413,2.1147,97.3749,0.8483,0.5766,3.2287,308.4525,1.3975,241.2775,0.9424,7.1295,5.1121,5.4099,5.1257,5.4971,2.5662,4.1754,1.0364,1.6424,1.8539,0.2447,0.1182,0.0665,0.2266,42.9799,42.9799,40.6054,40.6054,42.7997,42.7997,43.0069,43.0069,2.3721,2.3721,330.6925,330.6925,259.6375,259.6375
97.383,2.277,97.1253,2.5349,98.8903,1.3843,98.65,1.144,0,1.8511,308.58,0.5336,240.445,0.2623,56.7279,5.6281,56.4423,5.9137,56.4451,4.0986,57.7122,2.8315,0.4964,0.803,316.7175,0.7748,250.105,0.9187,43.451,2.8029,43.7526,2.5012,43.4548,3.6344,44.2011,2.8881,4.8928,11.2155,332.31,6.7396,262.5625,25.2106
4.9557,4.9343,12.3663,4.4291,1.6163,2.5203,16.3316,3.539,3.3949,1.8941,3.0436,3.135,0.3871,0.4616,6.6811,6.7245,5.0271,5.2076,5.4658,4.5017,5.294,4.2145,1.6541,1.8497,0.1323,0.2405,0.0819,0.5623,44.2919,1.969,44.8526,1.4083,45.3515,1.7449,44.8408,2.2556,3.4392,9.7628,316.715,8.9796,241.0375,3.595
27.2326,5.4577,47.7624,6.8977,15.2338,8.406,32.7789,8.4007,21.1795,7.2286,2.2004,2.7901,0.5288,0.2751,11.331,6.9355,12.5188,6.7233,2.7021,4.4437,4.864,4.7395,20.5136,1.2837,1.6236,0.6267,1.9196,0.9111,47.3379,1.0676,47.1495,0.8792,47.3214,0.2155,47.4941,0.3882,2.172,8.4967,329.925,4.0648,255.955,18.3918
1.821,8.5853,26.3984,8.57,2.4729,8.8972,26.0369,8.1774,9.213,7.4983,3.1883,3.258,0.0657,0.2925,55.9391,4.9433,55.1846,5.6978,56.7051,3.3091,56.44,3.5742,0,3.6505,314.81,0.775,246.295,0.767,50.0062,3.7288,49.8532,3.5758,50.7619,3.6487,49.8632,2.7501,2.8854,9.211,335.8625,9.8781,261.4425,23.7888
6.4597,6.2501,3.2795,6.2401,9.9193,7.5889,6.2117,7.5891,4.3759,4.0391,1.2817,0.8771,0.7813,0.5155,56.5203,5.3301,49.8017,4.9748,3.1099,4.1288,66.7906,3.7597,7.5471,5.028,5.2879,1.3465,3.3347,1.3077,53.5902,0.5276,51.9749,2.1429,52.8937,4.1796,53.0427,4.0305,0.5833,4.1014,341.6125,3.7412,268.0025,4.0146
0.0857,6.9401,9.901,6.94,5.3221,8.0765,4.6465,8.0665,3.3439,2.0135,1.5374,0.935,1.4612,0.3647,5.0199,14.8165,6.3407,15.0665,3.1244,10.3163,1.9857,10.3203,1.2262,4.123,1.7399,0.0707,1.4038,1.3915,8.8246,1.3565,15.9852,2.0966,2.6203,2.6802,3.8956,3.4657,12.1219,8.2843,7.1591,5.874,7.9016,5.0002
10.8653,2.9744,1.4577,5.1154,16.4652,6.3474,10.5942,5.9263,4.0938,3.0487,2.2657,1.7551,0.6952,0.5619,5.571,9.6781,3.3453,9.3037,3.3318,5.6012,4.0957,6.8564,2.5815,2.3203,0.0545,0.931,0.5852,1.3214,57.979,0.9378,57.2191,0.1779,57.205,1.7134,57.2,1.7185,0,9.8395,352.5,8.9374,278.835,4.6514
14.8995,7.2406,1.7654,9.5262,2.3161,6.8491,94.8975,113.7786,69.345,64.7034,1.3322,0.5466,50.0444,50.6386,54.6607,8.5199,54.6645,8.516,54.8347,5.8263,54.6547,6.0063,0.7548,1.0622,315.19,1.8034,241.085,0.4047,5.8498,0.0487,8.0673,0.7129,3.7062,0.7893,9.7417,1.9834,6.0134,7.9555,4.578,3.7961,3.2577,1.2095
8.3942,7.4069,28.5835,7.7598,15.6556,7.9522,7.3286,7.5839,11.2067,2.2641,3.4707,1.4102,0.6403,0.3877,5.8185,9.2174,6.8731,9.0479,1.4773,6.672,0.1214,5.4089,7.0988,1.2408,0.483,1.8356,0.527,0.0591,60.7796,0.2829,60.77,0.2733,61.3129,0.8836,60.2332,1.9634,1.1986,9.0581,363.14,4.4229,286.475,0.0888
1.5694,7.6848,1.647,7.7624,5.5787,7.7641,6.2869,8.4724,1.4679,0.642,2.5525,0.9604,0.5,0.0441,6.8891,6.0099,2.1105,5.827,2.0571,5.7963,2.13,5.956,1.9992,1.1101,1.2378,0.7323,0.323,0.206,8.2874,2.0164,19.0068,2.736,2.7312,2.5878,5.6428,2.5691,11.7228,11.0996,5.7966,2.9605,2.6924,0.6221
10.4442,6.5016,30.2957,6.1335,0.1871,6.9312,21.1235,6.5808,13.1541,1.2319,4.8113,1.8977,0.6825,0.7093,53.0348,4.7308,54.1148,3.6508,53.9403,3.3093,53.9447,3.3049,1.3384,0.123,315.8625,1.1238,238.295,0.3891,63.1117,2.2639,62.874,2.5016,63.1015,2.8916,63.3719,2.6212,2.5324,12.5627,372.905,3.6276,291.5475,2.4499
7.7982,4.7839,8.3548,6.2234,1.8648,5.1339,9.3156,5.1141,1.4828,0.7865,1.5107,1.8455,0.045,0.2406,53.4815,3.0435,53.56,2.965,52.9836,3.5076,54.0947,2.3966,0.752,0.4995,315.8225,0.8485,236.6875,0.3952,64.678,1.5694,63.6747,2.5728,64.1426,2.6456,64.4586,2.3295,3.6201,14.1532,377.35,5.064,293.9,3.2009
6.5104,4.0562,0.7306,2.6326,0.1358,2.5951,8.7069,3.6895,5.6423,3.5392,2.1074,2.3864,0.1011,0.6902,2.0467,0.5929,0.6704,0.5977,1.2649,1.397,6.0149,1.037,1.4758,1.6008,0.5234,0.1653,0.5474,0.1355,66.0365,5.6819,65.0714,6.647,64.9744,6.0088,65.5578,5.4254,4.6722,12.1686,382.6275,4.7429,295.4225,1.1113
7.3263,6.7621,2.4706,7.4754,7.9148,5.9445,0.6177,5.5751,3.549,1.06,1.9255,0.8823,0.0882,0.896,5.9743,0.5324,1.4339,0.1724,3.0863,0.6711,2.4433,0.6711,2.1669,0.6658,1.3782,1.6463,0.635,0.1592,67.3966,6.1562,66.5645,6.9882,67.5805,4.9751,66.8887,5.6669,5.2324,13.0034,387.645,5.0544,297.3925,2.8677
1.425,9.3421,17.3117,9.7062,0.8765,6.982,13.9714,7.3345,3.2874,0.3182,1.6537,0.4824,0.2777,0.1024,56.2726,0.3052,56.6303,0.0525,55.54,0.8803,56.2612,0.1591,0.3666,0.2751,316.58,1.8099,233.535,0.9253,68.7332,4.2082,67.6456,5.2958,67.8717,2.9045,67.211,3.5652,5.8582,10.2334,391.97,2.8059,297.71,0.8479
4.0677,7.7899,11.0089,8.5047,0.004,6.3911,10.0695,6.0222,1.1833,0.206,1.8142,0.6104,0.0537,0.547,9.0123,0.2071,1.2936,0.6954,1.8942,0.3934,8.2732,0.1536,5.9609,1.2442,0.7785,1.9266,0.1929,0.3965,67.6935,6.7096,68.2723,6.1309,67.7551,4.1209,68.2091,3.667,5.5443,9.7355,395.5925,1.6645,295.9375,3.0284
5.9085,5.9757,2.6828,5.2567,7.8644,4.394,1.5232,5.1129,2.3089,1.224,1.9441,1.9007,1.0564,1.1779,58.9725,0.152,59.3325,0.2079,59.5011,0.5247,59.5,0.5236,0,0.5648,318.02,1.3169,231.645,0.0598,8.2275,7.0929,3.213,6.8072,9.5161,2.7521,8.7059,2.5319,2.5958,3.9341,5.7039,2.5694,0.0257,1.3087
15.7897,2.9692,7.4564,5.1157,14.8146,4.8151,0.5727,4.0533,4.3114,0.8301,2.176,1.3263,0.6581,0.9197,59.6903,1.2608,60.41,0.5411,60.2211,0.2365,60.4011,0.0565,0.3415,1.2818,318.605,2.0931,230.295,0.3189,69.1008,7.4759,69.3097,7.267,68.7059,3.4889,69.1928,3.002,7.1815,4.4031,401.9475,2.6883,295.8925,2.3062
78.1343,7.9953,34.7886,7.9985,27.7606,11.3862,59.3635,12.9162,24.8546,2.4206,0.6389,2.29,1.5991,1.8182,7.9487,1.1195,4.3715,0.2235,5.5523,0.3411,4.8845,0.8824,1.7578,1.0082,0.4903,1.1044,0.1714,0.3522,69.378,9.1113,69.3164,9.1729,68.3359,5.1157,69.8857,3.5659,6.6888,2.7421,403.7275,1.264,294.855,5.1337
12.0127,10.3677,30.9454,8.8446,6.166,13.1781,33.6059,12.6775,9.697,2.2465,1.4508,0.7923,1.9824,1.1128,62.9203,2.5508,63.28,2.1911,63.8223,0.3219,63.6464,0.4979,0.8102,1.3737,320.135,1.5888,228.14,0.8631,8.0538,7.6931,4.0372,7.6082,2.6567,6.0945,7.8047,5.339,3.2201,2.6099,2.9558,0.8675,1.4982,1.5454
21.0886,12.2456,12.5243,12.3472,10.9581,14.3665,38.475,13.3457,2.6738,0.8683,0.5492,0.7425,0.2778,0.0831,7.1632,0.8898,8.6215,0.3898,0.7198,0.2213,7.2892,0.2887,2.44,0.1471,1.7586,1.2287,0.4557,0.1108,67.977,10.1193,69.1309,8.9655,68.2524,6.786,69.4285,5.6099,5.0405,5.0391,406.08,1.2186,291.61,3.5443
6.6393,11.3402,9.5848,11.3363,8.3359,13.347,3.8783,14.0571,0.0554,1.4853,0.1277,0.8073,1.0688,1.3063,7.3341,1.2924,2.833,0.7863,2.377,0.7066,2.2581,0.3192,1.3956,2.6117,2.0572,2.118,0.2992,0.5465,68.6976,10.5089,69.0601,10.1465,68.0608,7.8901,69.192,6.7589,5.2657,6.1248,406.655,3.9996,291.0525,4.3208
124.4204,13.1307,123.9518,13.5994,126.101,13.3708,125.1138,14.3579,0.4488,0.8148,343.6475,0.0221,232.6875,1.0815,67.12,3.4994,67.8905,2.7289,68.3805,0.0419,68.6419,0.3033,0.4257,1.3435,322.565,2.6424,225.5725,0.447,68.9575,11.3593,68.9829,11.3339,68.934,7.9293,69.1929,7.6704,5.2739,7.4273,406.59,7.4206,289.45,6.1423
4.1364,10.818,10.9725,10.8195,2.8937,11.6422,16.1946,12.0022,0.1959,1.5838,0.5027,0.1933,2.3121,1.2356,68.1419,3.6181,69.6641,2.0958,68.9042,0.264,68.6542,0.514,0.6343,1.5449,323.9625,3.6035,224.49,1.0224,69.4185,11.6384,69.183,11.874,69.3363,8.1353,69.6151,7.8565,4.3993,9.1757,407.1,9.148,288.24,7.4983
14.3303,11.9333,0.6183,10.861,7.2378,9.4119,5.9739,10.4934,5.8401,2.1268,0.1051,1.0224,1.4288,1.3878,3.9148,5.2891,6.8116,5.5564,5.4928,0.6286,5.2482,0.38,1.0389,3.2329,0.1728,1.7837,0.0915,0.9413,68.5958,13.5713,68.8574,13.3098,69.3659,9.0182,69.3762,9.0078,4.1992,10.6866,405.8825,13.7215,286.59,9.3672
10.2365,10.4539,7.1833,11.268,11.5691,9.3814,2.5414,8.6594,2.2823,1.9199,0.8467,0.9463,0.9271,0.9912,2.245,5.6671,0.4846,5.4084,1.3897,1.5173,0.5325,0.746,0.6133,2.8124,0.953,1.8388,1.1756,0.0298,1.3125,9.2922,10.8417,9.4327,1.6456,7.9328,11.3774,6.1525,2.2747,3.1664,0.5639,0.9972,2.0151,1.7042
12.5141,15.6219,1.1761,15.22,9.6774,12.976,4.4235,14.1242,5.4731,0.7393,1.3434,1.7968,1.2149,0.9538,8.175,5.3614,3.7286,5.7425,0.3939,3.1265,2.8485,3.003,0.8072,1.3822,1.5241,1.5135,0.0971,0.4321,68.1826,9.8064,67.7894,10.1996,67.7384,8.4161,69.0208,7.1337,3.2475,3.0972,400.935,3.1047,280.3675,2.9943
25.1744,21.4533,3.3019,12.6198,9.5566,11.1831,102.4207,111.5429,1.9008,0.773,23.6705,25.2942,2.2299,1.3269,8.2064,6.1902,3.5397,5.6802,1.2605,3.7201,2.3602,3.7128,1.3268,1.81,2.3408,2.4011,0.4927,0.5699,68.4375,10.038,67.9433,10.5322,68.2069,8.4584,69.2416,7.4237,2.9471,3.6396,400.6775,3.8821,278.65,3.342
11.5167,14.3063,3.236,11.7594,6.1803,10.4253,0.7594,9.8906,3.4329,3.7008,1.8192,0.1136,3.0145,2.362,0.6221,5.6306,3.0192,6.1383,1.1305,3.0923,6.3035,3.3578,0.9957,0.4416,0.9732,2.5857,1.2548,0.4775,68.9675,9.8324,68.979,9.8209,69.1669,7.8389,69.4169,7.589,1.2629,5.485,399.4725,5.4338,275.975,5.1037
8.7115,13.9931,12.9132,10.9752,7.6316,9.0155,4.9129,6.9624,0.3307,3.3429,0.9815,1.1624,1.5279,1.7993,8.8876,6.525,5.9371,4.7514,2.4739,2.7724,4.344,3.2477,1.0808,2.0832,1.7807,2.6248,0.0221,0.4451,69.44,9.4495,69.2172,9.6722,68.6882,7.2402,69.7067,6.2218,2.0965,1.0907,398.1375,0.4144,274.005,0.386
10.9025,11.5581,3.5592,9.5283,7.1927,7.5745,4.8977,7.5669,3.4543,2.5802,1.6006,0.6899,2.0138,1.433,4.4945,6.3381,5.4455,5.5922,1.4348,3.9207,4.0396,3.1487,1.8441,0.9127,0.7876,2.4843,0.8462,0.8754,68.3545,10.8222,68.9829,10.1939,68.6403,7.512,70.3854,5.767,1.1967,1.8943,395.2,1.9731,270.2425,2.6818
7.1821,10.8027,8.2989,8.7632,5.3043,7.3265,4.0152,7.2933,4.7351,2.806,0.6874,1.1267,3.1741,1.248,7.2598,5.7998,0.4672,6.5543,3.9658,2.3558,1.9471,2.8698,3.58,2.2415,1.1987,2.8106,1.1098,0.1987,69.1617,10.446,69.9495,9.6582,69.4478,7.0406,70.1865,6.3019,1.2409,1.7058,393.75,2.5981,268.2825,2.4419
6.8085,5.42,3.0118,5.401,10.0669,4.0978,0.0138,5.1177,2.7515,2.7695,2.2886,1.7082,2.5743,1.8986,2.7219,6.1008,7.8837,6.8607,5.1213,3.3988,6.5259,3.4002,2.3982,1.7323,0.3791,2.58,0.1942,1.3441,3.2398,11.0569,36.363,11.0301,0.8204,10.0306,31.0729,9.261,15.6979,8.1794,0.5026,0.0567,1.0261,1.1694
4.8812,1.7528,8.3687,1.2354,11.7433,0.2412,8.7233,0.7686,1.6735,2.3385,2.0368,2.2115,2.4514,2.5652,71.4404,5.6953,71.7,5.4357,72.2,3.641,71.9505,3.8905,0.207,1.2142,335.4025,1.1574,229.005,1.5774,70.6369,10.3573,70.6625,10.3317,71.6319,9.3074,72.1313,8.808,1.9385,9.3644,389.015,0.8245,262.8925,1.4097
8.9797,0.7979,4.0406,0.7908,9.811,3.2685,2.5156,4.2784,2.3843,0.9898,1.8841,0.7364,2.3767,1.7623,71.4405,5.4958,71.1805,5.7558,71.444,3.5235,71.4417,3.5258,0.401,0.3082,336.1,2.2099,230.785,0.7111,71.2092,6.9364,72.9959,5.1496,73.0337,5.7432,73.231,5.5459,0.9937,5.9775,386.8875,0.6252,260.02,0.053
15.4891,1.784,2.9133,2.7865,9.1527,1.8973,1.5468,2.9378,5.9325,1.8364,1.4074,0.6413,2.1696,1.5103,0.2131,5.2197,9.8382,5.9811,1.6665,4.0094,14.0933,3.7634,4.337,0.0741,0.6906,1.6696,1.0075,0.887,72.2547,6.5849,74.5426,4.297,74.3033,6,74.497,5.8063,0.7845,2.5199,384.98,0.6493,257.735,0.1454
23.9455,4.3577,42.4447,3.8535,19.1288,3.8991,0.7053,4.3916,13.8245,0.0313,1.1323,0.357,3.88,2.189,71.4404,5.711,71.7,5.4515,71.6917,4.2625,71.444,4.5102,0.6095,0.5036,336.9275,1.5024,232.565,1.7939,0.5238,5.1951,9.2265,4.7124,5.0022,4.7464,5.8198,5.5198,1.9975,3.4708,0.393,0.3313,0.8237,0.0225
12.7432,5.3011,4.8485,4.2884,8.9284,3.8565,1.5628,2.3134,2.6613,0.6421,0.404,0.0554,1.9722,1.1926,70.6741,5.294,71.1805,4.7876,71.69,4.1848,72.7118,3.163,0.4019,1.2367,338.01,1.8084,233.7725,2.0052,120.9233,40.4293,78.0916,2.4023,77.8315,3.583,12.6144,68.8001,170.7393,165.4926,401.63,21.4496,254.2375,0.296
9.5331,3.0395,4.5815,0.0409,3.3319,0.7263,4.9226,1.85,2.3648,1.0805,0.8562,0.8258,2.0326,2.0482,5.9447,3.9851,3.5658,3.9797,3.9486,3.7678,4.1227,4.2777,2.444,1.1383,0.1488,1.1514,0.7011,1.9441,4.6581,4.2654,3.8091,3.4843,3.3811,1.7517,4.5901,1.26,5.2508,1.5929,0.3184,0.6481,0.5375,0.4796
9.4577,5.2399,8.6024,4.2282,5.1686,1.7306,5.15,1.2097,1.8838,1.8514,1.8716,1.111,1.5692,0.7433,4.8563,3.8878,6.2191,3.8866,4.4549,3.2091,5.6985,2.9591,0.2252,0.1226,0.4399,0.3876,0.1763,0.9766,7.7318,7.7466,12.9373,5.5041,14.7038,1.7439,3.1664,2.053,0.945,0.5652,0.1922,0.2532,0.8356,0.0796
10.7994,3.9482,1.7452,5.3881,2.4332,1.3891,2.6289,1.408,3.284,2.5645,0.4079,0.0719,1.8438,1.0052,10.4947,5.5276,4.9942,3.9963,1.1576,3.2164,4.9002,2.9663,1.014,0.8082,2.0407,0.2618,0.5951,0.5373,3.241,8.0417,12.1911,7.5478,1.2372,3.4825,4.7935,4.0019,2.8797,1.3451,0.4957,0.3562,0.9879,0.3029
5.6297,9.5424,23.0899,8.8198,1.408,4.6669,20.2194,5.3744,1.9152,2.779,0.0263,0.3379,1.2508,0.752,74.757,2.2412,73.4704,3.5277,74.247,2.538,75.5104,1.2746,0.1973,0.0478,338.1975,0.1717,238.665,0.2938,5.9584,8.9981,10.6457,7.9041,2.3521,5.7099,13.118,3.7086,3.7508,4.1686,4.1089,0.2923,2.6193,1.2777
9.7976,13.1055,13.7217,13.1055,0.9109,8.2414,10.3347,8.2414,0.7194,2.0788,0.5632,0.3835,0.5902,0.3243,1.2969,2.7903,1.9625,2.7884,4.3428,0.8342,4.4506,2.0842,1.0693,0.412,0.2201,2.6487,0.5403,0.5753,3.3028,9.3339,14.6339,8.6048,4.7454,5.2704,1.7504,5.3022,2.9084,5.1224,1.1614,1.358,1.2942,1.337
11.5987,14.0386,17.0368,12.5912,4.8125,10.9839,23.3712,11.6606,0.5937,2.2286,0.4578,0.3256,1.2584,1.118,2.7327,1.5337,9.3504,1.4121,0.2808,0.3812,7.544,0.1688,1.854,0.6063,2.3334,2.5277,0.2995,0.1741,4.3956,10.1135,10.0015,9.7422,2.9003,6.6889,8.4747,6.342,4.3658,4.4,2.0376,0.9136,0.5931,0.4646
15.1979,17.5091,13.916,17.5274,7.8281,15.1564,12.2739,14.4267,1.9768,2.3614,0.158,0.7431,0.5043,0.5201,76.5204,4.0246,79.3204,1.2246,78.5666,0.4105,78.0803,0.0758,1.3063,0.0997,339.28,2.0439,241.59,0.5003,1.026,7.2554,2.7117,5.7065,0.5385,8.5329,0.3408,7.8192,0.5917,1.2553,2.0903,0.1168,0.2507,0.4257
22.1041,18.2236,0.7135,18.2904,14.2786,17.3209,4.9923,14.4414,5.3439,2.7605,0.0495,0.3521,0.2185,0.1338,8.8095,3.3666,2.4503,1.3206,1.2489,0.3201,3.1182,0.9267,2.1674,0.1295,1.2368,0.813,0.2498,0.2308,2.0881,6.1878,3.8093,7.2188,4.7661,9.3492,0.6262,7.8769,0.1424,3.3887,3.6416,0.6648,0.2978,0.3263
4.9775,19.0854,25.1001,19.8383,5.0642,18.7992,16.8042,6.9364,2.4888,1.6802,2.8631,3.158,0.2142,0.2906,7.791,4.7456,6.4628,3.7256,2.3505,1.8355,4.5659,1.3223,0.2302,0.2504,1.9031,0.0433,0.6161,1.4614,4.1757,7.4963,12.0702,5.7087,3.2183,6.9218,6.1793,6.7325,3.6097,1.465,3.3859,1.5478,0.9072,0.398
17.0529,19.1076,10.2445,18.3879,16.9605,16.1846,2.3884,16.1642,3.1954,2.5135,0.4525,0.4375,0.3682,0.6042,16.4554,5.1746,3.5278,4.4147,5.3494,3.1915,16.3286,3.6951,4.3877,0.5277,0.4818,0.5904,0.6069,0.0693,86.5133,5.9693,87.2278,5.2548,88.2844,5.2415,86.4638,7.0621,1.3453,1.3514,328.92,1.8365,236.5025,0.0012
12.0303,16.6218,14.0542,20.2431,5.8039,15.0552,13.678,14.4363,1.0588,1.6858,0.6405,1.1242,0.4024,0.1673,78.5604,6.1442,79.5804,5.1242,79.8316,4.5634,79.3216,5.0734,0.3684,1.5276,336.1025,0.6163,246.74,1.4214,18.1784,7.9578,1.4228,7.1899,4.5146,5.3544,8.0761,5.1229,10.5079,0.7873,2.6833,2.7243,0.0971,0.3768
15.9994,19.0463,15.8303,19.0941,9.0544,16.1822,13.277,14.743,1.1551,1.3914,0.8795,0.8626,1.1874,0.5633,4.8227,6.2122,1.3466,5.1906,2.4998,4.2124,7.556,4.7224,1.6427,1.4344,0.4952,0.7561,0.3578,1.0523,89.2062,10.2534,89.2162,10.2435,89.6023,7.1268,89.6019,7.1272,2.2962,5.9634,316.58,0.4296,232.6325,0.558
13.2019,19.888,15.7904,19.1587,9.5114,14.3123,10.8835,14.2821,1.3001,0.8625,1.1011,1.1446,0.3315,0.2838,8.7702,6.4755,11.6324,13.1788,0.1658,3.7232,5.0121,4.1513,4.2406,4.3622,2.6008,0.5857,1.8867,1.322,10.7703,9.1702,22.7889,8.7719,2.7439,8.3387,17.0366,7.6379,6.4708,7.08,0.9766,0.706,0.7846,0.4455
25.1457,17.9873,5.2362,20.1461,18.7038,16.7039,14.7014,16.7643,4.805,0.6478,0.9656,1.4278,0.965,0.1115,10.0801,6.9787,4.986,4.8124,4.0402,3.8344,3.3326,2.3945,1.2895,1.8797,2.2956,1.5712,0.1512,0.689,90.3218,9.8734,91.0053,9.1899,91.4316,8.4226,90.6715,9.1828,2.2755,6.9533,305.4325,2.7428,230.4775,0.6433
24.5828,19.2817,4.2211,17.1322,14.397,15.6727,10.1652,15.6148,5.0263,1.9842,1.1831,1.1362,0.8974,0.1329,10.0271,7.3709,6.5174,6.859,5.6342,3.8268,7.719,4.0705,1.1067,3.4051,2.1375,1.209,0.3569,0.7633,93.2142,8.4141,92.4449,9.1834,92.8294,7.0765,91.7817,8.1242,2.6978,5.1058,299.77,1.8993,229.3975,0.8764
15.203,15.639,8.3554,17.8256,14.6899,14.4275,10.4205,13.0576,2.9084,1.6991,2.8129,1.6731,1.0214,0.2547,9.4822,8.0849,4.3829,7.835,0.5734,4.2938,1.8223,4.2904,1.4473,2.6263,1.897,1.2189,0.4367,0.7677,92.8294,14.098,94.6429,12.2846,93.5971,8.4123,93.8942,8.1152,1.7577,2.1497,294.9175,0.0412,227.51,0.318
18.8029,12.9848,3.5996,12.2901,10.2146,13.3127,18.4962,12.5658,4.6164,2.8544,1.7281,1.0872,0.1354,0.7406,10.2563,9.0391,1.6242,7.01,0.7291,4.2905,2.3652,3.5081,1.7459,2.6962,2.4796,1.1487,0.2233,0.4564,92.8775,14.2468,93.5793,13.545,93.9752,8.9827,93.5798,9.3782,2.6459,1.6792,290.425,2.4264,227.06,0.954
14.556,7.2222,1.9285,7.2012,5.9214,5.3748,5.5122,6.0844,3.7553,2.7286,0.8067,0.5012,1.3565,0.3984,10.0525,7.3136,2.9049,5.7806,0.46,2.9924,2.6375,3.9835,1.6355,2.5568,2.7734,1.6724,0.0958,1.2619,4.4722,10.1024,5.0632,8.6782,3.5039,6.5989,0.9955,6.9644,0.7291,0.8619,0.6357,0.2758,0.68,0.528
15.623,5.9829,6.3277,7.4221,4.9797,3.9264,4.0645,3.9696,3.0312,3.6264,1.5309,1.0191,0.9799,0.0929,2.6203,5.7719,4.8603,6.2865,2.1736,2.7992,10.2187,2.2939,1.6687,1.6396,1.1973,2.1227,1.5819,0.0547,9.9796,9.3897,2.097,8.6559,7.3093,5.233,6.8272,4.9032,2.9437,1.7548,1.9998,0.6989,0.5336,0.927
7.033,5.7065,13.1911,6.3628,0.7659,1.4432,17.7948,3.6265,1.126,3.8337,1.5378,1.077,1.4645,0.7599,9.3715,6.0596,2.7236,4.7959,1.1933,3.1228,2.304,2.8493,1.6932,1.5874,2.4809,0.0695,0.1048,0.5098,1.6528,10.8463,35.3006,9.3646,6.976,6.9563,10.3916,5.9469,9.2285,0.8184,0.1975,0.9102,0.643,0.4972
9.3425,8.5419,13.5897,7.1478,5.8533,7.3011,9.7876,5.8076,1.1831,4.7112,3.1905,1.4954,1.2288,0.2725,10.8459,7.6309,1.8493,5.8472,0.0786,3.2042,1.507,2.149,2.3368,2.341,2.3233,1.2344,0.4301,0.5276,7.9186,15.3472,78.4699,16.6591,14.6153,11.3993,15.7942,8.0412,23.0319,4.66,2.8668,1.7259,1.3542,0.8868
12.9045,11.3552,12.407,12.822,2.9958,8.5944,21.7851,7.9283,1.5008,2.6589,2.6824,1.658,0.8607,0.309,2.0071,7.299,4.3311,6.0271,2.7655,2.1824,9.1397,1.6412,1.284,1.8944,1.2387,1.0097,1.3536,0.2541,8.8228,16.248,32.9114,17.2802,7.6895,11.2098,4.5722,10.0802,10.0658,7.1569,1.5083,2.6136,0.311,0.346
19.9033,15.2572,11.9201,13.266,3.0468,9.2532,15.9577,8.1469,2.4301,2.0242,2.7965,2.5052,0.2636,0.9187,9.728,6.3718,6.167,5.8574,1.9424,2.3823,4.2807,2.8677,0.5867,0.7867,1.9999,1.4445,0.3588,0.6786,94.6937,15.9249,95.7918,14.8269,95.0348,10.8467,95.3476,10.5339,2.1578,4.31,274.425,2.2076,223.555,0
239.2065,18.4784,237.3038,20.3811,239.1694,12.1976,238.3949,12.9721,1.6995,0.0256,315.1375,3.3387,231.5475,0.0405,82.6304,6.9579,82.6263,6.9619,83.6535,2.7542,82.8835,3.5243,0.5254,0.644,317.0975,1.0515,256.7775,0.2428,9.4933,13.3749,4.3292,15.1523,7.9912,8.6113,5.3825,8.1671,2.657,3.3813,0.7572,1.8793,0.3336,0.5034
18.8432,24.6106,14.0784,23.6326,2.2202,18.0069,25.1751,16.9467,2.452,0.306,2.2835,1.6615,1.5035,1.4773,0.648,3.1821,5.0922,6.5603,1.5854,2.8317,2.5058,2.1973,5.4249,5.2568,2.1916,1.3111,2.6067,2.978,9.6081,10.6895,9.5911,12.4756,15.6453,9.1527,1.3343,8.7671,0.4199,2.2273,2.0599,1.3909,0.3065,0.218
0.0237,27.1269,47.7855,23.0235,1.7494,16.9125,37.4867,17.7854,5.2687,0.8034,3.5195,2.5878,2.2029,2.3121,83.1499,7.5455,83.6516,7.0438,83.8996,3.483,84.6787,2.7039,1.2045,1.4722,314.8075,1.6529,257.9225,0.079,95.0348,11.5553,94.3753,12.2148,94.6582,9.2847,95.7722,8.1707,3.0106,3.4393,271.365,3.1855,223.105,0.7262
17.2686,24.1363,19.9435,26.2316,9.2222,18.9445,16.8671,17.573,1.0417,1.6117,1.8261,1.0583,1.4607,2.2152,8.5365,7.4084,6.3923,6.8943,2.0533,3.1448,3.4446,3.3855,0.4803,1.1677,2.6506,2.7456,0.0568,0.2494,94.3157,11.3435,94.6937,10.9655,94.3342,7.6516,94.6752,7.3106,2.8273,2.7785,271.365,2.5889,223.015,1.0148
26.0759,26.9462,16.3793,26.9465,15.2309,20.0069,19.2893,19.9969,2.5503,0.8518,0.4551,0.2531,0.3782,0.5217,82.8863,8.48,82.8816,8.4847,83.6416,3.6648,84.1515,3.1548,0.3472,0.0944,314.2375,2.5265,257.545,0.4329,93.2197,11.806,92.8569,12.1688,94.3157,7.0202,94.2643,7.0716,3.0588,2.5411,271.4375,4.3799,223.195,1.0819
27.9077,25.9613,7.3975,23.9219,10.8194,18.9919,18.1474,18.9516,4.2466,0.2932,1.8033,1.8003,1.0287,1.0718,7.8602,8.1833,6.6207,7.3665,3.047,4.7195,9.9368,3.9885,0.0352,0.5369,2.1719,2.7903,0.2123,1.3336,13.7302,10.4283,3.7364,9.7814,9.135,6.2391,3.6615,8.065,2.8122,0.3865,3.0415,3.3937,0.7111,0.6647
248.215,24.8222,249.202,23.8352,249.202,18.3491,250.2344,17.3167,1.3968,0.2831,326.1875,1.932,228.5575,0.7459,9.1112,6.6646,3.4491,5.9139,3.8851,4.764,4.063,4.246,1.6763,0.3466,2.421,2.3075,0.3431,0.3454,93.9231,9.093,92.8705,10.1456,92.8445,8.3733,93.2657,7.952,3.0916,0.6807,271.3675,3.8752,224.0925,1.2108
19.4181,22.0619,11.5001,21.1405,10.6331,15.6624,6.5488,12.5676,1.9376,0.7564,1.927,1.8222,0.0183,0.5828,5.4515,1.694,4.7997,5.8839,1.9175,3.9296,29.956,30.6795,1.9156,1.8312,8.7962,8.0386,0.6198,0.3903,92.05,10.6764,93.4712,9.2553,92.9595,8.1641,93.7707,7.3529,2.3775,1.9098,271.22,4.7492,224.55,1.7668
25.5621,17.4005,2.844,18.3857,17.9039,9.7194,8.9731,10.7512,4.7494,1.3693,0.619,0.6127,0.5893,0.093,3.2191,4.6014,6.145,4.5843,5.3,3.2136,8.3784,4.4835,1.0565,1.359,0.1704,2.2408,0.0252,0.5393,92.1247,12.1373,92.1204,12.1417,92.4848,8.7914,92.1347,9.1416,2.4571,0.5817,271.7275,3.7099,224.1825,0.0986
6.8144,15.9486,39.3393,16.9583,0.5666,10.3446,33.8462,10.3561,2.2685,1.1192,1.3946,1.2476,0.4924,1.3838,85.6935,4.6965,85.6804,4.7096,85.9394,3.5023,87.7192,1.7225,0.8296,1.793,313.41,2.2944,252.965,0.5885,92.0967,11.7681,91.3754,12.4894,92.8166,6.5999,92.4944,6.9221,2.4476,0.2985,271.9075,3.0829,225.0825,0.365
30.9784,14.8662,1.9806,15.9153,16.1008,10.2546,7.1995,9.254,5.8654,2.8134,0.2263,0.069,0.3764,0.3598,11.1433,4.4857,5.4737,5.0098,1.243,1.01,7.8949,0.7575,0.6421,1.4798,2.4943,2.418,0.4323,0.7251,91.268,12.5345,91.0321,12.7704,91.8689,7.3562,91.9977,7.2273,2.199,0.6814,272.495,3.8159,226.205,1.3138
3.6992,14.6576,36.1087,13.6913,1.0459,11.7073,32.6933,9.6395,2.3867,2.3906,0.999,0.9483,1.3718,0.9309,6.3589,4.41,7.2737,4.6697,4.161,0.8939,7.9772,0.9094,1.0554,0.901,0.3883,0.9543,0.0394,0.1286,92.0847,11.6244,92.8047,10.9044,91.7252,7.2128,91.7154,7.2226,1.3495,1.7325,272.7175,4.2567,226.7,1.5482
24.9247,16.2336,13.5427,13.1989,7.6866,10.6533,16.1012,9.5492,2.9155,2.8068,0.3712,0.3691,0.3194,0.436,10.3639,4.2738,6.6623,5.025,1.3733,0.5038,3.4446,1.0232,0.6367,0.3885,2.3152,0.7993,0.0819,0.5153,0.7789,9.4848,16.3149,10.5621,14.519,7.8504,0.7622,7.4626,2.6088,0.34,2.9446,3.0533,0.8926,0.9096
23.7982,18.5257,14.6499,14.4328,3.3706,12.3469,30.0654,13.2496,2.8018,3.3074,0.0837,0.0568,0.3441,0.7936,5.9112,4.582,9.6056,5.2998,5.2076,2.2966,8.8234,2.668,0.5338,0.442,0.3062,0.3559,0.3011,0.0228,6.2095,8.7083,8.7074,9.7983,1.002,6.2346,8.5468,6.2169,0.6508,0.4791,1.1595,1.2922,1.6297,1.2708
39.8111,17.3766,15.2963,13.2507,8.568,10.7215,4.1325,12.6465,8.3463,4.5351,0.4824,0.0292,0.2854,0.1744,9.8335,5.1549,1.117,6.6674,2.3268,3.2125,2.4966,4.002,2.4884,0.5081,3.1452,0.8082,0.4377,0.4358,91.3555,8.3999,91.7152,8.0403,91.3648,6.3494,91.3455,6.3686,1.355,0.9648,274.3325,1.3969,230.385,1.9103
88.8873,76.1736,0.8317,5.6061,82.241,92.0188,20.39,5.5153,4.4579,4.309,10.1461,10.0399,20.723,21.0676,4.8148,5.6712,0.4377,4.2348,4.4631,3.399,4.2715,3.0167,1.0233,1.0699,0.6199,2.4911,0.051,0.5245,90.4771,8.9852,90.5348,8.9274,90.607,6.5682,90.1362,7.039,0.6738,2.0211,274.4275,2.7437,231.6425,1.5992
12.8612,6.1114,19.0831,2.9684,15.9377,0.6976,48.7776,2.2568,2.0972,4.3656,0.5269,0.7763,1.5427,1.4971,12.7204,4.0944,2.2046,4.4816,0.0349,5.3921,0.0291,3.5973,2.0135,0.4156,2.3869,0.809,0.9574,1.3204,90.7864,11.3419,90.5539,11.5744,90.9673,6.6352,91.6036,5.9989,1.5514,1.1808,275.7525,3.334,233.3325,1.1729
1.6917,7.7122,61.0446,5.6509,5.9077,1.1404,52.4774,2.0666,4.5815,2.477,0.0401,0.2949,0.6734,1.1094,93.5073,5.1423,94.56,4.0896,93.851,3.3485,95.6729,1.5267,1.5033,1.4915,316.13,2.9861,247.2825,0.4862,89.908,10.3553,89.9153,10.348,90.2656,5.6839,90.9856,4.9639,1.3603,0.126,276.67,2.0409,235.1475,1.6604
332.6955,8.7995,335.7765,5.7185,337.754,0.9132,336.831,1.8362,2.0757,2.0775,316.015,0.7955,215.3375,3.134,7.0872,4.6023,7.5809,4.2471,3.4832,2.0609,6.861,1.6935,1.6446,1.3607,0.4113,4.0556,0.6715,0.5612,90.2677,9.8174,89.898,10.1872,90.2513,5.3952,90.2679,5.3785,1.1426,0.3221,279.0075,3.8273,235.9575,1.679
37.9559,11.3914,11.0429,15.4592,29.2718,4.6913,27.2924,4.8012,4.8966,2.4711,0.3014,0.5428,2.1838,2.373,8.1263,5.3645,6.137,3.5699,5.5563,2.4829,8.6998,2.8196,1.7957,0.8774,0.2858,0.4777,0.5697,0.5943,88.4836,11.3343,89.5763,10.2417,89.1962,5.9957,89.6165,5.5753,0.6905,0.7418,281.415,5.4082,237.215,1.7494
353.0265,13.7352,348.0139,18.7478,352.0714,7.5309,349.9024,9.6999,1.166,2.0244,311.6975,0.68,217.88,1.2957,9.2946,3.8256,5.7544,3.8417,3.0934,3.4793,4.1952,3.1096,0.9707,0.739,2.6653,0.6865,0.0094,0.3159,89.9159,9.5458,88.828,10.6337,90.2615,4.3242,89.9153,4.6704,1.606,0.2168,283.7725,6.6635,239.195,2.1465
33.4213,15.0607,0.0177,23.2333,19.5353,9.6538,3.6969,10.8963,4.4662,2.562,0.2479,0.9159,3.8073,3.6818,9.0036,4.5008,6.336,3.431,6.8954,3.3688,5.3828,3.3437,3.3615,1.3595,0.5735,2.2433,0.2716,0.6613,88.4535,11.904,88.4483,11.9092,89.1629,4.9431,90.173,3.933,0.4702,1.2021,286.4875,1.9814,240.9,1.4717
363.7082,18.1072,361.0446,20.7708,366.5606,6.9155,363.7082,9.7679,1.7426,4.2584,306.87,0.2785,225.66,3.7957,11.8183,3.9025,2.6533,1.051,3.2948,3.3316,3.9221,2.5415,3.0839,3.2518,2.2688,0.3077,0.0109,1.1393,87.6541,9.2019,86.3963,10.4597,89.6938,4.1917,89.1843,4.7013,1.3364,2.215,289.6275,1.4851,242.2825,0.6429
28.3335,28.14,89.3276,89.3077,20.8149,18.3008,315.779,316.9565,10.9823,13.4644,73.6225,72.7867,1.7399,1.4058,5.9538,1.5982,1.9103,2.3281,4.5808,0.5129,7.3926,0.5228,0.2878,2.0663,9.5582,3.1413,4.4932,1.3268,89.2433,7.264,88.7292,7.7781,88.2293,5.3699,87.4781,6.1211,1.1659,2.2271,291.8,2.094,243.435,0.7434
56.3833,29.8608,0.5164,28.3118,28.9303,20.2117,11.6497,23.021,4.4806,4.2609,0.5788,1.2354,3.2519,2.7531,7.8271,0.7607,8.3825,1.0955,6.3477,0.5895,7.4827,1.2886,0.6936,1.8559,0.2057,3.8694,0.0128,0.1087,88.2331,8.2878,87.7332,8.7877,88.2436,5.7752,88.2566,5.7622,1.6492,1.7555,293.77,3.4826,243.815,0.6065
372.5554,41.7325,376.539,37.749,376.4677,28.9183,378.6597,26.7263,2.4626,4.0434,306.61,0.1451,233.8975,2.9248,7.7999,0.3915,7.7777,0.014,6.127,0.2392,4.4567,1.6729,2.0385,3.4634,1.0135,3.8764,0.6123,1.5747,88.1018,8.4043,87.7418,8.7642,88.1018,5.4905,88.1084,5.4838,1.1706,1.6117,297.165,5.1288,245.305,0.8784
380.0821,35.7653,381.3912,34.4562,379.9526,28.3957,382.887,25.4613,2.368,2.5275,307.05,0.6635,235.8675,2.7352,9.7637,0.5078,8.7011,1.1865,7.5005,1.2837,7.3362,3.0864,1.5428,3.1837,0.2106,1.4,0.5432,1.4573,11.1232,9.2996,3.7607,8.9504,10.3824,6.1018,2.0849,7.1054,3.5805,2.7474,4.7093,3.1785,1.9118,0.9636
17.8163,34.8645,31.6627,34.9928,1.6306,34.407,69.1827,31.5295,0.8319,1.9425,0.3104,0.0863,3.9986,2.3839,12.2411,1.2062,11.8166,0.8429,5.8463,0.5779,4.8495,0.9348,0.3698,1.9921,3.4083,2.9599,0.9192,1.8362,87.7366,8.3412,87.0465,9.0313,87.3819,6.5904,88.8363,5.136,1.3932,2.0707,302.375,4.6349,247.915,1.1014
395.886,34.0503,394.3774,35.5589,391.5102,35.3737,392.8833,34.0006,2.0976,1.4908,302.3775,2.4342,238.0275,1.505,0.3719,2.0987,53.5528,51.6425,2.3,0.0046,131.2511,127.9169,27.4045,26.4592,31.7989,30.5343,0.6118,1.3674,85.9364,11.0115,88.1084,8.8395,86.6866,7.9807,87.4007,7.2665,0.236,2.026,304.3475,2.802,248.995,0.0771
398.8783,35.9386,400.0197,34.7972,394.4478,39.0419,401.6855,31.8042,2.6683,2.2614,303.815,1.2375,239.465,2.7266,9.9339,0.3917,11.5434,0.6282,9.0834,0.4013,9.5673,0.3819,1.0123,0.5166,0.3253,1.4024,0.4076,0.1959,15.5045,10.7806,3.1734,9.3495,3.922,6.5885,8.7119,7.3204,6.1557,2.704,4.7734,3.756,1.3517,1.5812
410.2532,29.4651,407.3173,32.401,408.8679,29.9188,410.1852,28.6014,2.2103,1.7027,300.94,0.9535,239.105,1.296,12.6302,4.9539,15.3611,2.9468,7.8531,1.317,3.934,0.2526,1.0362,0.7325,4.167,3.4449,0.1466,0.9395,8.1924,10.8138,6.157,9.7338,1.6217,6.9885,11.5289,6.9997,2.9077,1.8103,2.6088,2.9052,0.533,0.4275
430.6252,18.896,429.0525,20.4687,433.2933,16.0873,436.1117,13.2689,2.2682,1.559,300.58,0.0545,239.4625,0.4877,10.2056,8.9,9.1581,7.4021,8.9358,4.3977,7.7424,3.3631,1.3748,0.0409,0.2213,3.504,0.0457,1.9557,14.6127,7.9172,1.4207,6.5579,8.3524,15.1955,12.3256,4.9344,7.0501,0.1144,0.5782,1.696,0.6609,0.2829
,,,,,,,,,,,,,,5.9728,13.5447,4.214,13.5449,5.538,6.964,0.5365,6.4439,1.2394,0.7193,1.523,4.2631,2.2621,1.3011,9.1475,9.4606,31.8453,9.0841,4.3274,7.7068,16.0108,6.5491,13.3973,2.9725,3.4853,2.3151,0.7041,0.3294
,,,,,,,,,,,,,,13.109,15.005,12.3576,14.531,10.4693,9.0657,8.4395,7.5277,1.4469,0.2351,0.5874,0.682,0.6611,0.325,2.9015,7.2907,5.0903,8.0206,5.1207,5.5186,0.2759,5.5096,0.0078,3.0449,3.1144,2.5185,0.4247,0.1486
,,,,,,,,,,,,,,16.4476,18.3855,3.7615,17.9054,14.3586,15.6878,12.1759,15.1782,0.4827,0.6333,4.6951,0.0416,2.0924,0.1493,5.6494,7.5771,12.5924,8.6468,4.9448,8.4238,6.9333,8.4082,3.0667,3.9056,4.382,3.8314,0.3573,0.8084
,,,,,,,,,,,,,,21.6555,19.366,3.7686,17.8563,4.742,16.641,1.9858,16.1065,3.1398,0.9167,4.5405,0.3828,0.7024,0.3603,86.6567,6.844,85.93,7.5707,87.0166,6.0962,85.9486,7.1641,1.1934,2.8433,318.825,4.0978,250.43,0.0307
,,,,,,,,,,,,,,11.0599,19.779,11.2241,20.3009,10.7267,17.2937,9.5608,16.2819,1.233,0.3364,0.0652,2.3572,0.3443,1.1323,88.8363,4.2697,89.1862,3.9198,87.7563,5.242,87.7485,5.2499,1.1754,2.954,321.435,4.9153,250.5175,0.2853
,,,,,,,,,,,,,,6.4427,18.7984,0.5178,18.8069,4.5384,15.3751,4.6478,14.8552,1.7955,0.3311,1.3939,0.4021,2.1739,0.1661,89.8829,3.3588,89.915,3.3266,88.8166,2.9691,90.6064,1.1792,0.683,0.0723,323.8625,4.9472,249.71,0.7613
,,,,,,,,,,,,,,11.406,20.7957,11.3023,21.3175,8.8285,10.1743,7.0597,9.6763,2.0951,2.4898,0.1689,0.3637,0.8201,1.0205,7.1016,2.9462,9.4683,5.3026,1.6478,0.7035,6.229,1.3789,1.3353,0.0515,5.1294,4.2513,0.8407,0.6489
,,,,,,,,,,,,,,25.5728,15.2927,18.7052,17.7377,107.2674,110.3769,6.3267,9.3624,2.5649,2.243,29.538,24.9671,0.2931,1.2734,89.5229,4.2399,90.2615,3.5013,90.6357,1.1972,91.3412,0.4918,0.897,1.0655,328.445,4.0321,249.5325,0.231
,,,,,,,,,,,,,,11.5885,17.0392,8.1817,18.5384,8.8803,10.308,5.9849,11.8681,2.313,1.0182,3.8818,0.1786,0.255,0.8181,1.1912,13.1373,23.6169,13.5086,12.1003,0.7174,1.34,1.4323,5.1308,8.2371,5.1144,0.6217,0.9613,1.9788
,,,,,,,,,,,,,,10.4733,14.4873,9.7843,14.4974,9.0391,8.5006,8.0483,7.9907,1.5621,1.9033,0.4038,2.6285,1.0226,0.5967,91.3307,11.9815,91.3329,11.9793,92.0407,0.4097,92.4107,0.0397,0.2232,8.5011,331.7725,0.5126,247.195,1.4316
,,,,,,,,,,,,,,11.2756,12.3672,9.2609,11.3372,7.7589,8.8825,9.1574,9.3701,1.8116,1.6929,0.6969,0.9353,0.6215,1.2853,91.33,11.936,90.9706,12.2954,91.3228,2.3024,90.9907,2.6345,0.2267,7.5278,333.9375,2.6496,245.845,0.6547
,,,,,,,,,,,,,,9.9887,11.4356,23.6018,11.4195,15.0922,8.8299,2.719,9.8499,1.3437,1.5543,4.4633,0.0429,0.0713,0.7753,91.2864,9.7814,91.6928,9.375,91.6958,1.8785,92.0613,1.513,0.8962,6.3833,335.905,2.0951,245.8575,1.057
,,,,,,,,,,,,,,13.6843,10.955,4.3092,11.965,7.294,8.7742,3.4897,8.7827,1.7797,0.8216,3.879,2.3951,0.2909,0.8329,93.1311,8.1658,92.0751,9.2218,92.7773,0.849,92.0528,1.5734,0.4481,6.1191,337.7925,2.7583,245.3075,1.1463
,,,,,,,,,,,,,,1.8477,11.7241,5.2715,11.7328,5.4686,9.6162,0.7974,8.5961,0.1108,0.6421,1.4226,2.9856,1.9347,0.951,91.7054,9.9352,92.7875,8.8531,92.7773,0.927,93.1645,0.5397,1.7715,7.7183,339.86,2.9892,245.4875,2.2852
,,,,,,,,,,,,,,25.9523,9.3245,5.9518,9.8366,27.3031,7.3506,6.1242,6.8489,4.3494,0.0574,1.7671,2.094,1.0033,1.5785,91.6977,11.486,91.3555,11.8281,92.4564,6.8338,92.085,7.2052,1.7922,4.5011,341.48,3.0951,245.8475,1.7692
,,,,,,,,,,,,,,14.1825,5.7647,7.6055,8.2615,10.8905,5.5792,0.4762,7.1509,1.9677,0.1963,3.8509,1.9795,0.1317,2.7263,91.0053,9.0023,90.9956,9.0119,92.0947,4.6826,92.8047,3.9727,1.7783,1.7957,342.8275,1.9537,245.7575,1.5387
,,,,,,,,,,,,,,4.1868,5.796,1.7673,5.786,8.2948,4.7741,3.2487,4.7739,1.179,0.8467,1.6668,3.7151,2.2413,1.5701,89.9477,9.1637,91.9444,7.1669,92.2665,3.6147,93.4363,2.4449,2.6009,2.2002,344.285,2.0062,245.7475,1.5106
,,,,,,,,,,,,,,14.359,2.3901,5.3919,3.392,3.5746,0.5983,6.5381,1.6332,0.1751,1.1341,4.1772,0.9812,0.6044,1.3936,91.3775,7.2535,91.0153,7.6157,92.4341,4.6169,92.7951,4.2558,1.3338,0.0236,345.2525,1.0955,245.6675,0.1056
,,,,,,,,,,,,,,0.4761,2.4884,3.428,5.0461,14.5177,1.1738,18.0715,0.713,0.9124,0.0992,6.137,3.9866,2.5181,0.2782,4.7684,6.5239,7.961,7.2338,0.1293,3.3813,0.7796,3.3933,0.5214,0.1637,2.7296,1.7996,1.2741,1.0279
,,,,,,,,,,,,,,9.5704,3.0946,26.4401,5.6422,10.3771,2.3781,15.4198,1.9165,5.5709,0.1938,4.2437,2.3449,1.6133,0.224,92.0653,7.8086,91.7246,8.1494,92.4446,4.7277,92.0745,5.0978,1.5683,0.639,348.13,3.1255,244.7675,0.6978
,,,,,,,,,,,,,,10.7025,8.3041,12.3006,9.3141,7.2202,3.1227,8.0093,3.6598,0.9901,0.7907,0.6556,1.6026,0.3548,0.3526,3.7479,6.9871,6.1292,7.6515,2.8981,3.9516,0.7655,5.4131,0.4445,0.3158,1.8915,1.6373,0.5709,0.5958
,,,,,,,,,,,,,,12.7995,10.1686,10.9044,8.1485,11.1921,5.0432,9.4963,4.5058,1.5982,0.1237,0.9377,3.9888,0.1388,0.0007,92.8044,7.5787,91.3754,9.0077,93.186,6.2889,93.1374,6.3375,1.1074,3.7126,350.0175,4.1382,244.6775,1.4305
,,,,,,,,,,,,,,11.7469,10.2473,12.0622,8.6971,7.8685,4.9601,9.1544,5.957,1.4644,0.6855,1.0097,1.2947,1.0886,1.964,10.3374,6.2143,2.3767,6.2471,0.7918,4.875,1.417,3.4454,4.6409,2.0081,2.7196,2.5483,0.9455,0.953
,,,,,,,,,,,,,,12.1878,10.7614,12.6593,9.7322,9.5832,6.2998,9.6002,6.7963,1.3706,0.8813,0.9393,0.5178,0.5326,1.2609,94.5769,8.6592,138.6897,35.4536,94.5847,5.4635,5.7301,94.3181,161.6915,157.596,326.995,22.1051,243.87,0.1163
,,,,,,,,,,,,,,20.4192,11.6947,2.4579,10.1548,11.4037,6.5812,16.8364,7.0387,4.2623,1.0622,0.8263,0.6466,1.487,1.3035,1.3054,9.9275,3.9564,10.9999,1.4924,7.5022,5.8985,7.8724,1.3756,6.7882,2.517,3.8522,1.017,0.9076
,,,,,,,,,,,,,,30.79,13.2191,36.6054,10.7402,9.8034,10.7587,12.9651,7.67,4.4994,1.7466,3.598,0.9443,7.9084,1.5636,95.6427,11.9849,96.3627,11.2649,96.3661,8.5619,96.3768,8.5512,1.0702,5.6393,353.79,2.2741,242.34,0.2144
,,,,,,,,,,,,,,3.2343,7.9068,12.2449,8.9531,21.4525,7.2585,0.9386,5.2386,0.6994,1.8282,0.5289,1.0759,1.1181,0.0048,3.8104,9.7763,24.317,11.2163,0.8195,7.9763,17.5222,9.4216,11.2948,7.0194,1.2308,0.8542,1.0546,0.0786
,,,,,,,,,,,,,,11.8179,10.5819,12.0975,10.035,9.4332,10.6382,10.282,12.1505,1.5336,1.2285,0.6833,3.3078,0.165,1.8529,6.4773,9.3489,2.2542,8.9896,5.5296,7.9058,6.7574,7.5464,0.7697,4.5656,1.2409,2.5395,0.8065,0.1883
,,,,,,,,,,,,,,13.825,8.6324,15.9312,8.1324,8.1237,8.5541,7.661,8.5454,0.0949,1.1722,4.6106,0.2287,0.2795,2.0761,13.7052,6.9831,5.5094,7.7012,1.247,7.1528,9.797,6.0651,2.4222,4.1643,2.3401,2.4408,0.344,0.3341
,,,,,,,,,,,,,,15.4417,8.3806,14.3745,6.3655,8.4729,5.0602,4.0633,6.0298,0.8846,0.9398,4.7028,0.5575,0.9081,2.3365,100.3101,8.1825,100.6859,7.8066,100.3206,6.7294,102.24,4.8101,0,3.2905,357.265,3.0859,239.195,0.4115
,,,,,,,,,,,,,,13.4617,6.8827,11.8099,5.8834,10.72,3.2893,9.0104,1.7453,2.1152,1.252,0.5385,3.2042,0.5193,1.3623,35.0143,20.7173,17.8942,21.2414,25.9894,29.5385,34.4773,31.0617,4.8147,2.0022,50.5663,52.1233,9.6329,9.4875
,,,,,,,,,,,,,,13.7407,3.6549,19.8706,5.1567,9.2716,2.4756,8.6769,3.0041,1.1333,1.06,4.5654,0.3029,0.8363,1.3625,101.7013,13.3378,102.7303,12.3088,102.2113,4.9403,103.7313,3.4203,0.2817,1.18,358.3475,1.9443,239.4925,2.7928
,,,,,,,,,,,,,,12.5691,5.9841,14.0125,8.1669,10.9693,3.513,10.2719,2.096,0.6241,0.1056,0.1902,0.1779,0.8218,1.7772,102.8325,12.9612,104.6523,11.1415,104.2855,3.2241,105.71,1.7997,0,1.8481,358.465,1.5733,237.935,1.8905
,,,,,,,,,,,,,,15.8055,10.4952,16.7693,8.5485,8.8589,5.4752,9.7327,5.2879,0.1876,1.6403,4.7059,0.1084,0.3843,1.412,104.2755,12.6503,105.7025,11.2233,107.1453,0.9015,106.7906,1.2562,0.1931,2.621,357.8375,0.213,235.6875,0.6257
,,,,,,,,,,,,,,14.7792,10.9114,14.318,11.9309,11.097,6.3285,12.5391,6.3826,1.2793,0.7633,0.5662,3.086,0.3113,0.2437,106.0724,9.4102,107.86,7.6226,107.5293,4.1431,108.2224,3.45,0.3812,2.4175,357.03,0.779,235.9575,1.1295
,,,,,,,,,,,,,,31.3626,14.4545,15.3316,13.0314,4.8948,9.1664,18.7793,7.7097,5.5311,1.1379,1.3997,4.9234,0.6558,0.0218,10.9618,15.7628,65.661,17.19,42.4113,12.7236,3.1228,10.1942,13.9056,4.7005,1.632,1.2354,1.1995,1.1298
,,,,,,,,,,,,,,14.9245,16.3446,15.1506,14.915,10.6788,11.4522,11.9457,11.409,1.1825,2.3517,0.7291,4.2418,0.8663,0.3214,109.329,14.4267,108.9506,14.8051,111.8294,9.9957,109.6748,12.1504,0.9404,5.5645,355.05,0.0816,232.5375,1.6358
,,,,,,,,,,,,,,13.9497,17.6269,14.496,16.9171,9.3037,13.0684,11.1849,13.0535,1.7408,1.8251,0.0978,1.129,1.3854,0.6644,3.1384,11.9915,6.5006,11.2793,1.4143,8.6811,8.9734,9.0528,0.977,2.9111,1.8026,1.3441,0.436,0.7532
,,,,,,,,,,,,,,15.9059,16.7833,10.0083,18.9331,3.1703,15.3963,13.5402,15.4236,2.0753,1.1897,5.8493,0.6709,1.1976,0.3313,112.1944,10.3841,112.5607,10.0178,112.5863,9.1411,112.9365,8.791,1.4562,4.8932,349.93,0.1216,231.105,0.0355
,,,,,,,,,,,,,,12.9606,15.6528,15.5512,17.8251,12.1728,13.548,10.5624,11.4917,1.5446,0.8515,0.5183,4.3018,1.5852,0.4792,5.4777,9.9603,11.6957,8.4385,3.5008,8.4446,12.4997,8.9717,1.1699,3.9741,0.6981,0.6922,0.5309,0.4629
,,,,,,,,,,,,,,12.7199,16.7261,14.3226,17.4692,10.4647,13.8323,10.2301,12.3947,1.3209,0.889,0.4147,1.7094,1.5696,0.4054,8.0064,9.5335,13.4591,7.4444,10.1562,9.4576,32.7807,7.992,0.9616,2.7928,2.0379,1.3766,0.6108,0.3104
,,,,,,,,,,,,,,13.1211,16.613,14.4679,17.343,11.142,14.2879,11.4604,13.3103,1.3322,1.0761,0.9724,2.1842,0.768,0.0104,0.6201,5.5619,4.8784,3.5153,2.9211,6.6743,5.4273,6.2441,0.8981,0.7567,3.4604,2.607,0.175,0
,,,,,,,,,,,,,,14.2472,17.7685,15.242,18.501,11.7499,15.2795,12.779,14.5721,1.4655,1.1537,0.0557,0.6556,0.9992,0.4548,8.0809,3.7936,3.8645,2.261,0.2388,5.555,7.0585,4.5634,3.9254,2.3787,3.3476,3.5234,0.2588,0.4147
,,,,,,,,,,,,,,15.2932,17.108,18.5465,16.9348,16.4619,12.9412,4.1313,10.7175,0.1321,1.1226,5.0317,4.7656,0.4829,0.465,8.3298,2.7709,12.3864,3.2655,5.5123,5.0329,10.0059,3.5059,0.8412,2.8276,4.8158,2.5364,0.1108,0.0011
,,,,,,,,,,,,,,14.4295,18.5246,11.9335,17.1431,11.9146,14.5753,10.3308,10.9638,1.4552,0.5181,0.535,5.9886,1.0766,0.8591,7.4522,7.5961,29.561,4.0366,0.9852,5.6016,18.2651,5.6408,4.4397,1.8419,2.3314,1.3275,0.2377,0.7141
,,,,,,,,,,,,,,20.4887,15.721,7.5239,16.4421,3.5523,14.581,15.4498,12.7032,1.4369,0.7763,3.5279,1.6648,1.8888,0.1523,2.5384,7.9013,31.4838,4.8721,2.3042,2.285,10.2391,3.8627,7.6097,1.1736,4.7944,0.4965,0.0376,0.9549
,,,,,,,,,,,,,,14.0944,16.346,13.8958,14.1865,11.5867,12.3844,11.9778,12.337,1.8755,1.4392,0.3436,3.7972,0.8418,0.9575,133.7386,6.541,135.2842,4.9954,134.2287,4.6204,135.26,3.5891,0,1.8269,309.66,3.4605,227.6725,0.3248
,,,,,,,,,,,,,,9.3012,15.9505,2.0521,15.1859,5.4707,10.8089,1.2494,12.7392,0.5579,1.1389,2.3679,2.0347,2.094,1.1406,3.0966,6.9202,18.9644,5.8405,6.7835,6.0854,22.5404,4.5672,0.7992,0.6874,3.1953,3.3364,1.3462,1.4468
,,,,,,,,,,,,,,73.387,75.8866,14.9164,15.7411,6.2148,12.2813,190.5016,188.3634,1.4163,0.9225,44.2981,46.9619,0.1981,0.7354,10.0276,9.558,4.2683,7.497,8.8962,8.0554,18.6999,7.0578,0.3145,0.6464,0.7096,0.5221,2.0553,1.4736
,,,,,,,,,,,,,,14.4367,14.1048,14.2839,16.192,11.0886,10.5156,13.9842,12.7229,1.435,0.6717,0.2496,1.8843,0.8764,0.3956,7.6952,7.17,22.0932,4.0912,6.2034,7.3571,23.1793,5.8809,3.2294,0.1277,3.3302,1.6976,0.7364,0.5761
,,,,,,,,,,,,,,14.2056,15.0305,15.8606,15.7413,11.4681,12.149,11.5599,12.1214,1.2478,1.1093,0.7957,2.2715,0.3642,0.7095,14.6767,2.0592,16.739,0.5116,5.6475,4.3012,18.7517,2.7942,2.7757,0.2352,5.4614,3.5213,0.9714,0.9624
,,,,,,,,,,,,,,14.4658,15.3287,14.2359,13.8496,10.0278,11.1279,10.2873,11.0837,2.0052,1.8466,1.2925,2.2192,1.0224,0.172,11.6797,3.5509,26.836,3.5207,7.0152,4.4931,24.1487,3.8032,4.287,0.4934,3.5926,1.5636,0.8364,0.7015
,,,,,,,,,,,,,,14.4988,15.6435,15.4643,14.9027,12.4576,11.9872,11.5712,12.6917,1.8711,1.6886,0.6525,1.2733,1.0152,0.2885,2.4905,0.4621,5.8822,1.5523,7.744,4.5589,6.7852,3.5209,1.4799,0.5252,5.2266,2.9356,0.7961,0.8389
,,,,,,,,,,,,,,13.5128,14.4605,18.8095,16.6381,8.7183,11.8909,10.9829,11.2175,0.9063,1.0186,4.8745,4.74,0.9893,0.1368,180.513,4.1593,181.2612,4.9075,179.816,4.5384,181.2329,5.9552,0.9105,0.83,263.5475,5.6913,231.375,1.0998
,,,,,,,,,,,,,,15.1313,17.6517,13.984,16.7562,8.2789,10.6162,11.509,12.7613,1.5668,1.1189,0.4032,3.1249,1.4814,0.8161,189.1541,11.1506,191.9954,8.3093,194.1619,5.5975,192.0013,7.7581,0.2149,1.8015,257.2525,0.2441,231.1925,0.0462
,,,,,,,,,,,,,,13.8474,16.1137,12.3541,16.1424,11.9699,13.8595,10.9246,12.4198,1.593,1.2753,0.6364,2.4429,0.5858,0.2249,4.2976,1.8439,16.6061,6.8619,12.5871,3.799,3.2542,3.0173,0.7594,3.9611,5.6312,1.6214,1.9887,2.5615
,,,,,,,,,,,,,,1.725,16.3477,4.7019,16.9913,8.1285,12.8426,11.8016,15.0252,0.1868,0.9516,1.5685,2.1636,0.7121,1.6854,216.4698,4.8842,215.0592,6.2948,216.19,1.7771,217.2282,0.7388,1.3268,0.0625,248.1975,0.0507,233.7125,1.7741
,,,,,,,,,,,,,,14.5948,13.4626,12.0663,13.4626,9.3842,10.4073,11.626,10.4073,1.3686,1.0951,0.046,1.8448,0.3129,1.3545,9.8647,13.144,13.3887,13.1522,2.1854,6.5563,11.2555,7.2862,0.9775,0.8774,1.5089,0.5735,0.9894,0.3977
,,,,,,,,,,,,,,15.0946,10.0007,15.9337,12.1893,12.7049,6.1911,10.9254,5.5095,1.4648,2.3905,0.0893,2.1904,0.3073,0.4115,10.4275,8.2648,6.3764,9.7046,36.5052,5.0722,50.3433,5.0446,1.5555,1.2715,3.3851,3.5601,3.4276,2.6004
,,,,,,,,,,,,,,17.8497,9.8974,18.1304,9.9809,9.3178,8.0545,6.4291,5.9256,0.054,2.8079,4.3928,2.3795,0.0597,0.5734,14.544,9.6956,8.7495,13.7655,4.8246,6.6068,12.3004,6.5554,1.9186,1.2852,1.4049,2.3317,1.2686,1.2692
,,,,,,,,,,,,,,12.1687,11.2896,13.0321,11.9934,12.4482,8.7522,13.6957,9.494,1.7776,1.4061,1.0185,6.726,0.5243,0.7213,10.2447,14.4951,11.3705,15.9267,16.1309,9.8805,1.6787,8.4364,1.9098,3.7457,4.1597,5.4154,0.6912,1.4248
,,,,,,,,,,,,,,14.5116,16.1465,14.9498,15.6367,12.2777,9.5841,11.2953,9.573,1.41,0.4013,0.2909,5.2928,0.1142,0.6713,20.8754,18.9052,13.2235,21.9489,7.5618,17.5362,33.6846,14.4779,2.495,2.9227,5.0615,4.5764,2.707,3.52
,,,,,,,,,,,,,,9.3165,16.7684,0.391,16.7429,4.5364,10.063,2.1233,10.5726,1.4147,0.6609,1.8952,5.9366,2.5326,0.1573,17.6992,20.5883,22.3985,23.4683,43.6593,17.3493,22.8313,17.3311,2.4592,2.386,6.2421,6.8818,1.8355,1.5345
,,,,,,,,,,,,,,15.1176,16.8398,32.5072,17.32,16.3608,10.2034,4.7399,11.2258,2.877,0.2534,6.0573,5.2066,0.8144,1.1729,24.9108,26.6244,5.9882,26.6244,9.6519,23.6514,17.9206,23.6514,4.0061,3.5853,6.5242,3.2823,1.995,2.5968
,,,,,,,,,,,,,,10.2727,16.965,14.9639,19.5324,9.4128,9.6541,9.2901,8.6926,0.5727,1.3652,0.3994,6.1976,0.3405,0.4988,15.6465,24.5459,30.7752,27.5898,61.6074,22.5133,25.3439,23.5494,2.5681,3.4233,9.4531,5.5775,3.8894,3.1081
,,,,,,,,,,,,,,13.6931,19.7656,13.7337,18.2361,11.8902,10.4191,11.5763,10.3897,1.5849,0.9032,1.0245,5.5778,0.3683,0.0658,15.6304,25.0699,8.5384,27.1299,19.5552,25.5102,7.5707,24.1283,2.5399,2.6185,4.9765,4.9678,2.5067,2.3149
,,,,,,,,,,,,,,10.5212,18.3186,21.4121,19.3526,11.555,12.8588,16.3652,11.3339,1.2679,1.3444,11.9501,3.2762,10.1369,0.8324,13.9264,22.8989,25.7486,22.9047,3.4493,24.7508,22.0124,22.7109,3.8827,1.4719,8.0774,1.9514,2.5669,0.191
,,,,,,,,,,,,,,15.0543,12.7769,24.1368,11.6884,5.5287,11.2747,13.3069,10.238,4.7341,0.63,5.2538,3.7655,0.9157,1.6,32.6218,20.649,17.3862,23.7281,21.819,21.8054,4.9397,18.7965,1.0075,0.7826,10.0903,8.6332,1.9418,1.7136
,,,,,,,,,,,,,,9.3597,9.7484,34.7289,12.8282,21.3937,9.8572,15.5345,7.872,3.8264,1.4519,4.2657,3.093,0.1041,1.4853,9.8783,19.1984,8.9347,20.2288,2.4854,16.945,15.8436,15.9545,1.7115,0.1042,5.9588,6.9719,1.3713,1.3068
,,,,,,,,,,,,,,18.2741,11.1252,21.7737,9.3261,10.5908,6.831,3.6509,7.2498,0.5613,0.3042,5.5653,1.3821,0.304,1.332,18.7424,16.9539,4.9654,11.8872,3.3317,11.0454,21.9642,9.9533,3.1679,1.6639,3.3643,3.3457,0.1578,0.698
,,,,,,,,,,,,,,12.8929,9.4022,12.4239,10.1221,9.7989,5.4148,10.5275,5.4222,1.0318,0.3764,0.4586,1.416,0.5006,1.3555,4.8387,19.2381,17.8787,21.3265,4.6581,21.288,18.917,18.2769,0.5837,2.9311,2.906,0.4898,0.3788,0.511
,,,,,,,,,,,,,,9.9764,11.7234,0.8164,12.4693,9.8431,8.2528,21.5936,5.3833,0.1399,0.3189,2.9721,3.5647,2.9177,0.7072,34.0181,15.0254,3.7921,17.0551,24.9733,13.5425,3.9261,13.5837,4.4,2.8753,0.531,0.494,0.2203,0.215
,,,,,,,,,,,,,,13.2291,10.4716,23.4061,10.463,18.2635,7.8997,6.9204,8.4397,0.0989,0.2482,4.3936,0.3568,0.4594,1.8136,0.4984,8.8658,14.9114,9.9081,8.3821,6.7616,12.3422,4.7429,0.0482,1.9381,0.5679,0.3252,0.9196,0.4437
,,,,,,,,,,,,,,11.5928,11.6081,13.8911,12.3277,11.3753,9.7206,9.8147,9.7451,1.4776,0.0904,1.2588,2.629,0.8046,1.221,10.4828,8.0449,15.0954,5.0469,6.0296,1.8738,1.6204,1.227,1.6904,1.4605,2.0206,3.3417,0.6614,0.8435
,,,,,,,,,,,,,,13.7227,15.1165,3.3154,14.1149,35.4657,11.5114,12.0896,10.9836,8.0659,0.9819,4.1042,2.5932,1.3857,1.0779,28.8224,4.9968,58.5284,14.1753,10.9231,6.0065,18.3147,4.0958,5.2832,2.8013,7.3229,1.9372,0.8152,0.4167
,,,,,,,,,,,,,,16.5049,13.612,14.496,13.1174,10.5753,15.6774,4.0887,15.1606,1.0366,0.1389,5.0189,1.6165,0.1807,0.5294,26.5636,3.1765,3.3905,1.063,18.6549,6.1838,3.6273,1.0146,2.3813,1.9239,0.7557,0.6787,1.1802,0.6968
,,,,,,,,,,,,,,17.4564,15.1495,11.6087,14.1265,0.8369,14.2938,8.4813,13.7845,0.5736,0.1154,5.2576,0.5955,0.2265,1.2612,378.3083,5.1464,371.1197,12.335,379.7481,1.1482,379.68,1.0802,0,1.7973,311.365,1.1721,230.8375,0.4709
,,,,,,,,,,,,,,14.4528,14.6102,20.7457,14.3093,8.7788,11.8009,7.2072,10.7878,1.7182,0.5818,4.7913,1.8515,0.4663,0.2858,391.2139,3.095,385.4642,8.8446,388.3766,0.6242,388.3127,0.688,0.2125,1.8907,311.365,1.2939,233.3525,3.3827
,,,,,,,,,,,,,,17.4335,17.2033,12.2223,17.0892,4.8325,9.2352,9.4016,8.6844,3.188,1.1317,6.271,3.0259,1.7685,0.37,23.287,15.4351,6.7201,14.0372,11.8375,6.4365,17.9686,0.6838,1.1843,0.0049,3.948,3.5607,5.2079,5.4339
,,,,,,,,,,,,,,21.1968,16.0635,6.7544,13.5235,16.3922,5.0634,1.9442,8.0864,3.9347,0.2096,4.0763,0.8538,0.1176,0.2649,398.4215,33.4112,394.0726,37.7601,398.4033,4.4815,402.69,0.1948,0,0.5,309.5725,8.9526,237.3075,3.3334
,,,,,,,,,,,,,,13.8084,14.5653,23.8914,15.5878,10.226,8.2151,5.1739,7.6882,2.227,0.5936,3.8056,2.1833,0.1575,0.2545,18.2353,55.0441,2.0593,57.9785,21.3652,22.4199,23.1381,15.2612,1.2276,0.0025,2.02,8.0041,0.1218,0.3284
,,,,,,,,,,,,,,15.7088,14.2714,8.2753,9.0828,2.9839,6.8324,12.1342,7.8924,0.5926,0.379,4.9139,0.7169,1.4888,1.2599,40.7986,47.7947,4.9721,28.6618,376.6339,305.212,7.2518,28.092,7.7409,1.4442,66.4166,65.1788,3.4906,3.4148
,,,,,,,,,,,,,,16.9932,16.539,18.5384,14.5691,8.0451,7.6096,7.465,7.5934,0.0878,0.6093,5.5352,2.9555,0.3648,1.3166,25.4446,51.5678,49.2957,56.2007,1.4848,29.5564,44.8454,34.7869,0.9806,1.6448,0.9874,0.5059,1.3396,2.4989
,,,,,,,,,,,,,,28.1936,26.2908,25.7744,26.1648,15.2596,10.5727,1.5698,6.503,1.4416,0.8863,1.8088,0.7195,5.2338,6.4435,48.3173,48.1058,18.8591,46.6359,45.1088,35.338,44.8315,38.2054,9.1151,1.8362,1.5769,1.188,4.3163,3.7346
,,,,,,,,,,,,,,15.2133,11.1616,10.0673,9.1163,11.532,8.6678,9.9666,9.1427,3.1188,0.8217,0.1337,1.1851,0.9558,3.8715,20.8423,59.2252,84.8568,60.6181,2.2384,27.8189,45.0528,32.1456,0.226,1.8409,6.2723,0.2185,3.1125,0.6666
,,,,,,,,,,,,,,13.7375,12.1333,19.3927,13.1509,9.3256,9.5694,6.4676,10.0726,1.5544,0.5508,4.7072,1.756,0.0696,1.5941,56.3328,51.727,21.02,60.3547,52.2297,39.8091,20.2541,41.2977,3.0696,2.4635,0.1692,0.4325,0.7692,0.8121
,,,,,,,,,,,,,,14.5799,12.3034,18.2717,13.8731,9.5336,9.9559,7.4255,7.4135,1.157,1.1695,4.1296,2.8963,0.1815,1.9412,428.5824,57.4892,425.8191,60.2525,431.4984,37.0879,422.8398,45.7465,0.3902,2.9617,322.1525,0.8767,234.79,0.0778
,,,,,,,,,,,,,,15.9137,13.4899,12.731,13.9899,8.9385,7.2674,7.4521,7.2681,0.523,0.6894,4.2088,3.7967,0.0237,1.3761,427.14,62.9071,421.5003,68.5468,431.5363,42.4903,421.3898,52.6368,0.3902,3.2744,326.8275,3.3863,239.105,4.1292
,,,,,,,,,,,,,,13.3034,12.4182,15.5707,13.4864,7.7539,7.1997,4.2755,2.6729,0.4765,0.5554,3.8852,4.0489,0.1851,0.9717,40.7212,71.1859,49.4414,69.746,23.0805,51.16,53.8275,51.1479,0.9305,1.0074,2.8992,3.3627,2.6537,2.8805
,,,,,,,,,,,,,,15.7848,14.4498,20.0314,13.9406,6.7047,7.3655,9.4123,6.8547,1.8956,0.3605,4.4083,4.4994,0.4044,1.4166,36.6261,69.1096,66.2886,67.5512,36.8026,52.5918,49.4945,58.3241,8.5236,2.8493,6.8834,3.447,11.1568,2.4117
,,,,,,,,,,,,,,14.077,14.3574,15.0907,15.3738,9.1565,8.1627,6.8901,6.1227,0.2474,0.9317,4.1606,4.4382,0.1111,0.946,29.4969,72.6606,107.4763,73.8272,60.5708,58.7323,32.7714,68.839,8.6275,4.2787,5.1188,0.5094,13.6138,5.245
,,,,,,,,,,,,,,18.1901,13.7563,13.6318,16.3063,8.2447,7.2426,6.3319,7.2466,0.0614,0.8621,4.5308,3.6212,0.046,0.1213,401.3863,81.1488,399.9468,82.5883,404.2221,71.1215,404.194,71.1497,1.0193,4.4908,330.78,0.8629,247.375,5.1149
,,,,,,,,,,,,,,17.6802,14.9781,11.1177,15.4913,2.8277,8.1989,6.9575,7.1781,0.9065,0.3939,4.1867,4.298,0.9979,0.5266,80.1033,77.7055,4.2123,82.0534,82.2154,74.8997,27.6391,73.5621,8.9266,3.189,0.532,0.8982,0.324,0.8824
,,,,,,,,,,,,,,16.2248,12.1012,14.4311,12.6035,6.1972,7.5352,8.0125,6.016,0.2575,1.0895,4.1965,4.6594,0.1661,0.0992,111.283,80.9629,13.144,81.0017,13.3822,79.2958,136.2025,77.9062,8.4491,4.8079,4.459,4.3921,2.7223,3.3712
,,,,,,,,,,,,,,11.3696,12.8272,15.4304,12.3404,4.2162,6.2575,10.5392,5.2368,0.2835,0.9858,4.6928,5.0153,1.048,1.082,391.3493,77.2034,397.1066,71.4461,392.7489,77.5343,392.9486,77.3345,2.3073,5.9153,327.1875,7.1685,249.17,5.6078
,,,,,,,,,,,,,,16.0328,15.0818,19.1032,13.6482,9.21,8.0391,7.4058,6.5928,0.9123,1.0831,4.8827,5.0314,0.5599,0.7386,391.394,67.9984,398.5801,60.8122,395.6282,67.2341,395.8764,66.9858,2.4989,1.9036,326.47,1.3886,248.0925,4.1838
,,,,,,,,,,,,,,12.1304,15.0528,12.3501,14.0311,7.8939,7.435,9.9767,8.955,1.4409,0.0776,0.7417,3.8964,0.6177,0.013,404.4395,44.1105,402.8542,45.6958,401.4148,48.335,405.6947,44.0549,1.4209,1.5767,321.795,5.8126,245.935,5.9045
,,,,,,,,,,,,,,12.6507,13.9283,1.9733,14.9083,9.7634,10.0487,4.5451,10.0457,1.0855,1.6057,1.7798,2.4364,2.397,1.957,408.8141,37.539,410.1325,36.2206,410.0137,38.9384,412.9102,36.0419,1.596,1.5237,320.715,6.8274,245.2175,7.9582
,,,,,,,,,,,,,,,,,,,,,,,,,,,,67.2864,38.2434,18.9132,33.99,45.7415,30.7662,21.6459,29.1559,3.9345,1.3603,0.0288,0.3304,1.3182,0.1981
